GRUPO;NOMBRE TOUR;AÑO ;MES ;PAÍS;CIUDAD ;RECINTO;CAPACIDAD;ENTRADA MÁS BARATA;ENTRADA MÁS CARA
BTS;"BTS 1st World Tour ""BTS Live Trilogy: Episode II The Red Bullet""";2014;10;Corea del Sur;Seúl;AX Korea ;2500;Sin datos;Sin datos
BTS;"BTS 1st World Tour ""BTS Live Trilogy: Episode II The Red Bullet""";2014;11;Japón;Kobe ;Kobe International Hall;4000;80,00 USD;150,00 USD
BTS;"BTS 1st World Tour ""BTS Live Trilogy: Episode II The Red Bullet""";2014;11;Japón;Tokio;Tokyo Internacional Forum Hall;5012;50,00 USD;85,00 USD
BTS;"BTS 1st World Tour ""BTS Live Trilogy: Episode II The Red Bullet""";2014;12;Filipinas ;Manila ;MOA Arena ;20000;100,00 USD;250,00 USD
BTS;"BTS 1st World Tour ""BTS Live Trilogy: Episode II The Red Bullet""";2014;12;Singapur ;Singapur;Xingyu Performing Arts Center ;2000;100,00 USD;200,00 USD
BTS;"BTS 1st World Tour ""BTS Live Trilogy: Episode II The Red Bullet""";2014;12;Tailandia ;Bangkok;Chaengwattana Hall ;10000;80,00 USD;150,00 USD
BTS;"BTS 1st Japan Tour ""Wake Up: Open Your Eyes""";2015;2;Japón;Tokio;Makuhari Messe Hall ;9000;50,00 USD;100,00 USD
BTS;"BTS 1st Japan Tour ""Wake Up: Open Your Eyes""";2015;2;Japón;Osaka ;Festival Hall ;2700;50,00 USD;100,00 USD
BTS;"BTS 1st Japan Tour ""Wake Up: Open Your Eyes""";2015;2;Japón;Nagoya ;Zepp Nagoya ;1864;50,00 USD;100,00 USD
BTS;"BTS 1st Japan Tour ""Wake Up: Open Your Eyes""";2015;2;Japón;Fukuoka ;Zepp Fukuoka ;1526;50,00 USD;100,00 USD
BTS;"BTS 2nd World Tour ""BTS Live Trilogy: Episode II The Red Bullet"" ";2015;3;Taiwán;Taipéi;New Taipei City Exhibition Hall;7000;90,00 USD;160,00 USD
BTS;"BTS 2nd World Tour ""BTS Live Trilogy: Episode II The Red Bullet"" ";2015;6;Malasia ;Kuala Lumpur ;Mega Star Arena ;5000;74,87 USD;143,45 USD
BTS;"BTS 2nd World Tour ""BTS Live Trilogy: Episode II The Red Bullet"" ";2015;7;Australia ;Sídney;UNSW Roundhouse ;2200;129,00 USD;199,00 USD
BTS;"BTS 2nd World Tour ""BTS Live Trilogy: Episode II The Red Bullet"" ";2015;7;Australia ;Melbourne ;Plenary 1 ;1482;89,00 USD;199,00 USD
BTS;"BTS 2nd World Tour ""BTS Live Trilogy: Episode II The Red Bullet"" ";2015;7;Estados Unidos ;Nueva York ;Best Buy Theater ;2100;65,00 USD;205,00 USD
BTS;"BTS 2nd World Tour ""BTS Live Trilogy: Episode II The Red Bullet"" ";2015;7;Estados Unidos ;Dallas ;Verizon Theater ;6350;65,00 USD;205,00 USD
BTS;"BTS 2nd World Tour ""BTS Live Trilogy: Episode II The Red Bullet"" ";2015;7;Estados Unidos ;Chicago;Rosemont Theater;4400;65,00 USD;205,00 USD
BTS;"BTS 2nd World Tour ""BTS Live Trilogy: Episode II The Red Bullet"" ";2015;7;Estados Unidos ;Los Ángeles;Club Nokia ;2356;65,00 USD;205,00 USD
BTS;"BTS 2nd World Tour ""BTS Live Trilogy: Episode II The Red Bullet"" ";2015;7;México ;Ciudad de México;Pabellon Oeste ;3500;76,11 USD;142,07 USD
BTS;"BTS 2nd World Tour ""BTS Live Trilogy: Episode II The Red Bullet"" ";2015;7;Brasil ;Sao Paulo ;Audio Club ;3000;56,83 USD;86,10 USD
BTS;"BTS 2nd World Tour ""BTS Live Trilogy: Episode II The Red Bullet"" ";2015;8;Chile ;Santiago ;Movistar Arena ;16522;17,84 USD;107,01 USD
BTS;"BTS 2nd World Tour ""BTS Live Trilogy: Episode II The Red Bullet"" ";2015;8;Tailandia ;Bangkok;Thunder Dome;15000;80,00 USD;150,00 USD
BTS;"BTS 2nd World Tour ""BTS Live Trilogy: Episode II The Red Bullet"" ";2015;8;China ;Hong Kong ;Asia World Expo Arena ;14000;61,86 USD;203,63 USD
BTS;"BTS 1st Concert ""BTS Live Trilogy: Episode 1 BTS Begins""";2015;3;Corea del Sur;Seúl;Olympic Park Hall ;2452;70,00 USD;120,00 USD
BTS;"BTS Live ""The Most Beautiful Moment In Life On Stage""";2015;9;Indonesia ;Yakarta ;Kasablanca Hall;5500;80,00 USD;140,00 USD
BTS;"BTS Live ""The Most Beautiful Moment In Life On Stage""";2015;11;Corea del Sur;Seúl;SK Olympic Handball Gymnasium;6500;70,00 USD;120,00 USD
BTS;"BTS Live ""The Most Beautiful Moment In Life On Stage""";2015;12;Japón;Yokohama ;Yokohama Arena ;17000;90,00 USD;160,00 USD
BTS;"BTS Live ""The Most Beautiful Moment In Life On Stage""";2015;12;Japón;Kobe ;Kobe World Memorial Hall;8000;80,00 USD;150,00 USD
BTS;"BTS Live ""The Most Beautiful Moment In Life On Stage: Epilogue""";2016;5;Corea del Sur;Seúl;Olympic Gymnastics Arena ;15000;Sin datos;Sin datos
BTS;"BTS Live ""The Most Beautiful Moment In Life On Stage: Epilogue""";2016;6;Taiwán;Taipéi;Hsinchuang Gymnasium ;7125;Sin datos;Sin datos
BTS;"BTS Live ""The Most Beautiful Moment In Life On Stage: Epilogue""";2016;6;China ;Macao ;Studio City Event Center ;22000;61,32 USD;235,28 USD
BTS;"BTS Live ""The Most Beautiful Moment In Life On Stage: Epilogue""";2016;7;China ;Nankín;Wutaishan Sports Center ;10000;Sin datos;Sin datos
BTS;"BTS Live ""The Most Beautiful Moment In Life On Stage: Epilogue""";2016;7;Japón;Osaka ;Osaka Jo-Hall;16000;Sin datos;Sin datos
BTS;"BTS Live ""The Most Beautiful Moment In Life On Stage: Epilogue""";2016;7;Japón;Nagoya ;Gaishi Hall;10000;Sin datos;Sin datos
BTS;"BTS Live ""The Most Beautiful Moment In Life On Stage: Epilogue""";2016;7;China ;Beijing ;Beijing Capital Gymnasium ;17345;52,11 USD;216,68 USD
BTS;"BTS Live ""The Most Beautiful Moment In Life On Stage: Epilogue""";2016;7;Filipinas ;Manila ;MOA Arena ;20000;17,66 USD;211,98 USD
BTS;"BTS Live ""The Most Beautiful Moment In Life On Stage: Epilogue""";2016;8;Tailandia ;Bangkok;Indoor Stadium ;15000;54,00 USD;173,99 USD
BTS;"BTS Live ""The Most Beautiful Moment In Life On Stage: Epilogue""";2016;8;Japón;Tokio;Yoyogi National Gymnasium ;13291;Sin datos;Sin datos
BTS;"BTS Live Trilogy Episode III ""The Wings Tour""";2017;2;Corea del Sur;Seúl;Gocheok Sky Dome;16744;Sin datos;Sin datos
BTS;"BTS Live Trilogy Episode III ""The Wings Tour""";2017;3;Chile ;Santiago ;Movistar Arena ;16522;29,73 USD;166,47 USD
BTS;"BTS Live Trilogy Episode III ""The Wings Tour""";2017;3;Brasil ;Sao Paulo ;City Bank Hall;8500;10,33 USD;111,93 USD
BTS;"BTS Live Trilogy Episode III ""The Wings Tour""";2017;3;Estados Unidos ;Nueva York ;Prudential Center ;16755;50,00 USD;250,00 USD
BTS;"BTS Live Trilogy Episode III ""The Wings Tour""";2017;3;Estados Unidos ;Chicago;Allstate Arena ;18500;50,00 USD;250,00 USD
BTS;"BTS Live Trilogy Episode III ""The Wings Tour""";2017;4;Estados Unidos ;California ;Honda Center;18336;50,00 USD;250,00 USD
BTS;"BTS Live Trilogy Episode III ""The Wings Tour""";2017;4;Tailandia ;Bangkok;Impact Arena ;12000;54,36 USD;181,20 USD
BTS;"BTS Live Trilogy Episode III ""The Wings Tour""";2017;4;Indonesia ;Yakarta;Indonesia Convention Exhibition;10000;59,44 USD;178,32 USD
BTS;"BTS Live Trilogy Episode III ""The Wings Tour""";2017;5;Filipinas ;Manila ;Mall Of Asia Center;15000;17,66 USD;185,48 USD
BTS;"BTS Live Trilogy Episode III ""The Wings Tour""";2017;5;China ;Hong Kong ;Asia World Expo Arena ;14000;74,75 USD;216,51 USD
BTS;"BTS Live Trilogy Episode III ""The Wings Tour""";2017;5;Australia ;Sídney;Qudos Bank Arena ;21000;63,95 USD;220,06 USD
BTS;"BTS Live Trilogy Episode III ""The Wings Tour""";2017;5;Japón;Osaka ;Osaka Jo-Hall;16000;61,48 USD;78,95 USD
BTS;"BTS Live Trilogy Episode III ""The Wings Tour""";2017;6;Japón;Hiroshima ;Hiroshima Green Arena ;10000;61,48 USD;78,95 USD
BTS;"BTS Live Trilogy Episode III ""The Wings Tour""";2017;6;Japón;Nagoya ;Nippon Gaishi Hall;10000;61,48 USD;78,95 USD
BTS;"BTS Live Trilogy Episode III ""The Wings Tour""";2017;6;Japón;Fukuoka ;Marine Messe Fukuoka ;15000;61,48 USD;78,95 USD
BTS;"BTS Live Trilogy Episode III ""The Wings Tour""";2017;7;Japón;Sapporo;Makomanai Sekisui Heim Ice Arena ;10024;61,48 USD;78,95 USD
BTS;"BTS Live Trilogy Episode III ""The Wings Tour""";2017;10;Japón;Osaka ;Kyocera Dome ;55000;61,48 USD;78,95 USD
BTS;"BTS Live Trilogy Episode III ""The Wings Tour""";2017;10;Taiwán;Taipéi;Multipurpose Gymnasium National;15000;55,48 USD;209,59 USD
BTS;"BTS Live Trilogy Episode III ""The Wings Tour""";2017;11;China ;Macao ;Cotai Arena ;14000;85,07 USD;297,74 USD
BTS;"BTS Live Trilogy Episode III ""The Wings Tour""";2017;12;Corea del Sur;Seúl;Gocheok Sky Dome;16744;Sin datos;Sin datos
BTS;"BTS World Tour ""Love Yourself""";2018;8;Corea del Sur;Seúl;Olympic Stadium ;69950;69,62 USD;77,36 USD
BTS;"BTS World Tour ""Love Yourself""";2018;9;Estados Unidos ;Los Ángeles;Staples Center ;20000;60,00 USD;250,00 USD
BTS;"BTS World Tour ""Love Yourself""";2018;9;Estados Unidos ;Oakland;Oracle Arena ;19200;60,00 USD;250,00 USD
BTS;"BTS World Tour ""Love Yourself""";2018;9;Estados Unidos ;Texas;Forth Worth Convention Center ;13000;60,00 USD;250,00 USD
BTS;"BTS World Tour ""Love Yourself""";2018;9;Canadá;Hamilton;First Ontario Centre;17383;57,81 USD;234,83 USD
BTS;"BTS World Tour ""Love Yourself""";2018;9;Estados Unidos ;New Jersey;Prudential Center Newark NJ;16755;60,00 USD;250,00 USD
BTS;"BTS World Tour ""Love Yourself""";2018;10;Estados Unidos ;Chicago;United Center;23500;60,00 USD;250,00 USD
BTS;"BTS World Tour ""Love Yourself""";2018;10;Estados Unidos ;Nueva York ;Citi Field Stadium ;41800;60,00 USD;250,00 USD
BTS;"BTS World Tour ""Love Yourself""";2018;10;Inglaterra ;Londres ;The O2 Arena ;20000;72,00 USD;253,44 USD
BTS;"BTS World Tour ""Love Yourself""";2018;10;Países Bajos ;Ámsterdam ;Ziggo Dome ;17000;76,03 USD;299,52 USD
BTS;"BTS World Tour ""Love Yourself""";2018;10;Alemania ;Berlín ;Mercedes Benz Arena ;71000;84,27 USD;335,98 USD
BTS;"BTS World Tour ""Love Yourself""";2018;10;Francia ;París;Accors Hotels Arena ;20300;77,76 USD;318,50 USD
BTS;"BTS World Tour ""Love Yourself""";2018;11;Japón;Tokio;Tokyo Dome ;55000;80,58 USD;84,42 USD
BTS;"BTS World Tour ""Love Yourself""";2018;11;Japón;Osaka ;Kyocera Dome ;55000;80,58 USD;84,42 USD
BTS;"BTS World Tour ""Love Yourself""";2018;12;Taiwán;Taoyuan;Taoyuan International Baseball Stadium;20000;24,66 USD;240,41 USD
BTS;"BTS World Tour ""Love Yourself""";2018;1;Japón;Nagoya ;Nagoya Dome;49000;80,58 USD;84,42 USD
BTS;"BTS World Tour ""Love Yourself""";2019;1;Singapur ;Singapur;Singapore National Stadium ;55000;67,46 USD;266,78 USD
BTS;"BTS World Tour ""Love Yourself""";2019;2;Japón;Fukuoka ;Fukuoka Yahuoku! Dome ;52000;80,58 USD;84,42 USD
BTS;"BTS World Tour ""Love Yourself""";2019;3;China ;Hong Kong ;Asia World Expo Arena ;14000;75,78 USD;320,65 USD
BTS;"BTS World Tour ""Love Yourself""";2019;4;Tailandia ;Bangkok;Rajamangala National Stadium ;51552;60,40 USD;205,35 USD
BTS;"BTS World Tour ""Love Yourself: Speak Yourself"" ";2019;5;Estados Unidos ;Los Ángeles;Rose Bowl Stadium ;89702;55,00 USD;250,00 USD
BTS;"BTS World Tour ""Love Yourself: Speak Yourself"" ";2019;5;Estados Unidos ;Chicago;Soldier Field ;61500;55,00 USD;250,00 USD
BTS;"BTS World Tour ""Love Yourself: Speak Yourself"" ";2019;5;Estados Unidos ;New Jersey;Metife Stadium ;82500;55,00 USD;250,00 USD
BTS;"BTS World Tour ""Love Yourself: Speak Yourself"" ";2019;5;Brasil ;Sao Paulo ;Allianz Parque ;43713;186,75 USD;242,78 USD
BTS;"BTS World Tour ""Love Yourself: Speak Yourself"" ";2019;6;Inglaterra ;Londres ;Wembley Stadium ;90000;51,81 USD;184,22 USD
BTS;"BTS World Tour ""Love Yourself: Speak Yourself"" ";2019;6;Francia ;París;Stade de France ;80000;69,08 USD;207,25 USD
BTS;"BTS World Tour ""Love Yourself: Speak Yourself"" ";2019;7;Japón;Osaka ;Yanmar Stadium Nagai;47816;80,37 USD;84,19 USD
BTS;"BTS World Tour ""Love Yourself: Speak Yourself"" ";2019;7;Japón;Shizuoka ;Shizuoka Stadium Ecopa;50889;80,37 USD;84,19 USD
BTS;"BTS World Tour ""Love Yourself: Speak Yourself"" ";2019;10;Arabia Saudita ;Riad ;Estadio Rey Fahd ;58398;53,31 USD;319,85 USD
BTS;"BTS World Tour ""Love Yourself: Speak Yourself"" ";2019;10;Corea del Sur;Seúl;Olympic Stadium ;69950;77,37 USD;77,37 USD
BTS;"BTS Offline Concert ""BTS PERMISSION TO DANCE ON STAGE - LA""";2021;11;Estados Unidos ;Los Ángeles;SoFi Stadium ;70000;60,00 USD;450,00 USD
BTS;"BTS Offline Concert ""BTS PERMISSION TO DANCE ON STAGE - LA""";2021;12;Estados Unidos ;Los Ángeles;SoFi Stadium ;70000;60,00 USD;450,00 USD
BTS;"""BTS PERMISSION TO DANCE ON STAGE - SEOUL""";2022;3;Corea del Sur;Seúl;Olympic Stadium ;69950;116,04 USD;154,72 USD
BTS;"""BTS PERMISSION TO DANCE ON STAGE - LAS VEGAS""";2022;4;Estados Unidos ;Las Vegas ;Allegiant Stadium ;65000;79,09 USD;565,82 USD
BTS;YET TO COME IN BUSAN;2022;10;Corea del Sur;Busan ;Busan Asiad Main Stadium ;53864;0,00 USD;0,00 USD
TWICE;TWICELAND The Opening;2017;2;Corea del Sur;Seúl;SK Olympic Handball Gymnasium;6500;Sin datos;Sin datos
TWICE;TWICELAND The Opening;2017;4;Tailandia;Bangkok;Thunder Dome;15000;53,61 USD;163,81 USD
TWICE;TWICELAND The Opening;2017;4;Singapur ;Singapur;The Star Performing Arts Centre;5000;127,66 USD;218,84 USD
TWICE;TWICELAND The Opening;2017;6;Corea del Sur;Seúl;Jamsil Indoor Stadium;11069;Sin datos;Sin datos
TWICE;TWICELAND Zone 2: Fantasy Park;2018;5;Corea del Sur;Seúl;Jamsil Indoor Stadium;11069;Sin datos;Sin datos
TWICE;TWICELAND Zone 2: Fantasy Park;2018;5;Japón;Saitama;Saitama Super Arena;37000;90,73 USD;160,52 USD
TWICE;TWICELAND Zone 2: Fantasy Park;2018;6;Japón;Osaka;Osaka Jo Hall;16000;90,73 USD;
TWICE;TWICELAND Zone 2: Fantasy Park;2018;6;Singapur ;Singapur;Singapore Indoor Stadium;12000;127,66 USD;218,84 USD
TWICE;TWICELAND Zone 2: Fantasy Park;2018;8;Tailandia;Bangkok;Thunder Dome;15000;59,57 USD;172,75 USD
TWICE;TWICELAND Zone 2: Fantasy Park;2018;8;Indonesia;Yakarta;Indonesia Convention Exhibition ;10000;94,99 USD;130,61 USD
TWICE;"Showcase Live Tour ""Candy Pop"" ";2018;1;Japón;Seto;Seto City Cultural Center;1500;Sin datos;Sin datos
TWICE;"Showcase Live Tour ""Candy Pop"" ";2018;1;Japón;Fukuoka;Fukuoka Sun Palace;2316;Sin datos;Sin datos
TWICE;"Showcase Live Tour ""Candy Pop"" ";2018;1;Japón;Hiroshima;Ueno Gakuen Hall;1730;Sin datos;Sin datos
TWICE;"Showcase Live Tour ""Candy Pop"" ";2018;1;Japón;Osaka;Gran Cube Osaka;2700;Sin datos;Sin datos
TWICE;"Showcase Live Tour ""Candy Pop"" ";2018;1;Japón;Tokio;NHK Hall;3800;Sin datos;Sin datos
TWICE;"Showcase Live Tour ""Candy Pop"" ";2018;1;Japón;Saitama;Sonic City;2505;Sin datos;Sin datos
TWICE;Music Bank In Chile;2018;3;Chile;Santiago;Movistar Arena;16522;85,41 USD;183,02 USD
TWICE;"Showcase Live Tour ""Candy Pop"" ";2018;2;Japón;Saitama;Sonic City;2505;Sin datos;Sin datos
TWICE;"TWICE Arena Tour ""BDZ""";2018;9;Japón;Chiba;Makuhari Messe Event Hall;9000;68,47 USD;"""N/A"""
TWICE;"TWICE Arena Tour ""BDZ""";2018;10;Japón;Nagoya;Nippon Gaishi Hall;10000;68,47 USD;"""N/A"""
TWICE;"TWICE Arena Tour ""BDZ""";2018;10;Japón;Kobe;Kobe World Memorial Hall;8000;68,47 USD;"""N/A"""
TWICE;"TWICE Arena Tour ""BDZ""";2018;10;Japón;Tokio;Musashino Forest Sports Plaza;10000;68,47 USD;"""N/A"""
TWICE;"Dome Tour ""Dreamday"" ";2019;3;Japón;Osaka;Kyocera Dome;55000;Sin datos;Sin datos
TWICE;"Dome Tour ""Dreamday"" ";2019;3;Japón;Tokio;Tokyo Dome;55000;Sin datos;Sin datos
TWICE;"Dome Tour ""Dreamday"" ";2019;4;Japón;Nagoya;Nagoya Dome;49000;Sin datos;Sin datos
TWICE;"TWICE 3th World Tour ""TWICELIGHTS""";2019;5;Corea del Sur;Seúl;KSPO Dome;15000;Sin datos;Sin datos
TWICE;"TWICE 3th World Tour ""TWICELIGHTS""";2019;6;Tailandia;Bangkok;Impact Arena;12000;83,38 USD;175,70 USD
TWICE;"TWICE 3th World Tour ""TWICELIGHTS""";2019;6;Filipinas;Manila;Mall Of Asia Arena;20000;26,53 USD;221,07 USD
TWICE;"TWICE 3th World Tour ""TWICELIGHTS""";2019;7;Singapur ;Singapur;Singapore Indoor Stadium;12000;127,63 USD;218,80 USD
TWICE;"TWICE 3th World Tour ""TWICELIGHTS""";2019;7;Estados Unidos;Los Ángeles;The Forum;17505;49,50 USD;199,50 USD
TWICE;"TWICE 3th World Tour ""TWICELIGHTS""";2019;7;México;Ciudad de México;Palacio De Los Deportes;17800;53,24 USD;278,92 USD
TWICE;"TWICE 3th World Tour ""TWICELIGHTS""";2019;7;Estados Unidos;Newark;Prudential Center;16755;49,50 USD;199,50 USD
TWICE;"TWICE 3th World Tour ""TWICELIGHTS""";2019;7;Estados Unidos;Chicago;Wintrust Arena;10387;49,50 USD;199,50 USD
TWICE;"TWICE 3th World Tour ""TWICELIGHTS""";2019;8;Malasia;Kuala Lumpur;Axiata Arena;16000;88,39 USD;179,51 USD
TWICE;"TWICE 3th World Tour ""TWICELIGHTS""";2019;10;Japón;Hokkaido;Mokomanai Sekisui Heim Ice Arena;10024;69,70 USD;"""N/A"""
TWICE;"TWICE 3th World Tour ""TWICELIGHTS""";2019;10;Japón;Chiba;Makuhari Messe International Exhibition Hall;9000;69,70 USD;"""N/A"""
TWICE;"TWICE 3th World Tour ""TWICELIGHTS""";2019;11;Japón;Osaka;Osaka Castle Hall;16000;69,70 USD;"""N/A"""
TWICE;"TWICE 3th World Tour ""TWICELIGHTS""";2019;11;Japón;Miyagi;Miyagi Sekisui Heim Super Arena;7063;69,70 USD;"""N/A"""
TWICE;"TWICE 3th World Tour ""TWICELIGHTS""";2019;11;Japón;Aichi;Port Messe Nagoya Hall 3;12000;69,70 USD;"""N/A"""
TWICE;"TWICE 3th World Tour ""TWICELIGHTS""";2019;12;Japón;Aichi;Port Messe Nagoya Hall 3;12000;69,70 USD;"""N/A"""
TWICE;"TWICE 3th World Tour ""TWICELIGHTS""";2020;2;Japón;Fukuoka;Marine Messe Fukuoka;15000;69,70 USD;"""N/A"""
TWICE;"TWICE 3th World Tour ""TWICELIGHTS""";2020;2;Japón;Shizuoka;Shizuoka Ecopa Arena;10000;69,70 USD;"""N/A"""
TWICE;"TWICE 4th World Tour ""Ⅲ"" ";2021;12;Corea del Sur;Seúl;KSPO Dome;15000;Sin datos;Sin datos
TWICE;"TWICE 4th World Tour ""Ⅲ"" ";2022;2;Estados Unidos;Los Ángeles;The Forum;17505;59,50 USD;199,50 USD
TWICE;"TWICE 4th World Tour ""Ⅲ"" ";2022;2;Estados Unidos;Oakland;Oakland Arena;19200;59,50 USD;199,50 USD
TWICE;"TWICE 4th World Tour ""Ⅲ"" ";2022;2;Estados Unidos;Dallas;Dickies Arena;14000;59,50 USD;199,50 USD
TWICE;"TWICE 4th World Tour ""Ⅲ"" ";2022;2;Estados Unidos;Atlanta;State Farm Arena;16888;59,50 USD;199,50 USD
TWICE;"TWICE 4th World Tour ""Ⅲ"" ";2022;2;Estados Unidos;New York;UBS Arena;17250;59,50 USD;199,50 USD
TWICE;"TWICE 4th World Tour ""Ⅲ"" ";2022;4;Japón;Tokio;Tokyo Dome;55000;Sin datos;Sin datos
TWICE;"TWICE 4th World Tour ""Ⅲ"" ";2022;5;Estados Unidos;Los Ángeles;Banc of California Stadium;22000;59,50 USD;199,50 USD
TWICE;"TWICE 5th World Tour ""Ready To Be""";2023;4;Corea del Sur;Seúl;KSPO Dome;15000;50,00 USD;55,00 USD
TWICE;"TWICE 5th World Tour ""Ready To Be""";2023;5;Australia;Sídney;Qudos Bank Arena;21000;132,34 USD;234,26 USD
TWICE;"TWICE 5th World Tour ""Ready To Be""";2023;5;Australia;Melbourne;Rod Laver Arena;14200;132,34 USD;234,26 USD
TWICE;"TWICE 5th World Tour ""Ready To Be""";2023;5;Japón;Osaka;Yanmar Stadium Nagai;50000;69,84 USD;90,80 USD
TWICE;"TWICE 5th World Tour ""Ready To Be""";2023;5;Japón;Tokio;Ajinomoto Stadium;48013;69,84 USD;90,80 USD
TWICE;"TWICE 5th World Tour ""Ready To Be""";2023;6;Estados Unidos;Los Ángeles;Sofi Stadium;70000;59,50 USD;479,50 USD
TWICE;"TWICE 5th World Tour ""Ready To Be""";2023;6;Estados Unidos;Oakland;Oakland Arena;19200;59,50 USD;479,50 USD
TWICE;"TWICE 5th World Tour ""Ready To Be""";2023;6;Estados Unidos;Tacoma;Tacoma Dome;23000;59,50 USD;479,50 USD
TWICE;"TWICE 5th World Tour ""Ready To Be""";2023;6;Estados Unidos;Arlington;Globe Life Field;40300;59,50 USD;479,50 USD
TWICE;"TWICE 5th World Tour ""Ready To Be""";2023;6;Estados Unidos;Houston;Toyota Center;19000;59,50 USD;479,50 USD
TWICE;"TWICE 5th World Tour ""Ready To Be""";2023;6;Estados Unidos;Chicago;United Center;23500;59,50 USD;479,50 USD
TWICE;"TWICE 5th World Tour ""Ready To Be""";2023;7;Canadá;Toronto;Scotiabank Arena;19800;50,04 USD;179,64 USD
TWICE;"TWICE 5th World Tour ""Ready To Be""";2023;7;Estados Unidos;New Jersey;Metlife Stadium;82500;59,50 USD;479,50 USD
TWICE;"TWICE 5th World Tour ""Ready To Be""";2023;7;Estados Unidos;Atlanta;Truist Park;41084;59,50 USD;479,50 USD
TWICE;"TWICE 5th World Tour ""Ready To Be""";2023;9;Singapur ;Singapur;Singapore Indoor Stadium;12000;135,15 USD;266,19 USD
TWICE;"TWICE 5th World Tour ""Ready To Be""";2023;9;Inglaterra;Londres;The O2;20000;87,62 USD;193,54 USD
TWICE;"TWICE 5th World Tour ""Ready To Be""";2023;9;Francia;París;Accor Arena;20300;113,83 USD;265,84 USD
TWICE;"TWICE 5th World Tour ""Ready To Be""";2023;9;Alemania;Berlín ;Mercedes Benz Arena;71000;62,30 USD;232,22 USD
TWICE;"TWICE 5th World Tour ""Ready To Be""";2023;9;Tailandia;Bangkok;Impact Arena;12000;83,40 USD;202,53 USD
TWICE;"TWICE 5th World Tour ""Ready To Be""";2023;9;Filipinas;Bulacan;Philippine Arena;55000;30,96 USD;309,62 USD
TWICE;"TWICE 5th World Tour ""Ready To Be""";2023;11;Australia;Melbourne;Marvel Stadium;53343;132,34 USD;234,26 USD
TWICE;"TWICE 5th World Tour ""Ready To Be""";2023;12;Japón;Nagoya;Vantelin Dome Nagoya;50619;69,84 USD;90,80 USD
TWICE;"TWICE 5th World Tour ""Ready To Be""";2023;12;Indonesia;Yakarta;Jakarta International Stadium;82000;71,20 USD;213,61 USD
TWICE;"TWICE 5th World Tour ""Ready To Be""";2023;12;Japón;Fukuoka;PayPay Dome;40000;69,84 USD;90,80 USD
TWICE;"TWICE 5th World Tour ""Ready To Be""";2024;2;México;Ciudad de México;Foro Sol;65000;25,49 USD;244,70 USD
TWICE;"TWICE 5th World Tour ""Ready To Be""";2024;2;Brasil;Sao Paulo;Allianz Parque;43713;80,62 USD;161,24 USD
TWICE;"TWICE 5th World Tour ""Ready To Be"" Japan Special";2024;7;Japón;Osaka;Yanmar Stadium Nagai;50000;90,61 USD;160,32 USD
TWICE;"TWICE 5th World Tour ""Ready To Be"" Japan Special";2024;7;Japón;Tokio;Ajinomoto Stadium;48013;90,61 USD;160,32 USD
TWICE;"TWICE 5th World Tour ""Ready To Be"" Japan Special";2024;7;Japón;Yokohama;Nissan Stadium;72327;90,61 USD;160,32 USD
SEVENTEEN;"Like SEVENTEEN ""Boys Wish""";2015;12;Corea del Sur;Seúl;Yongsan Art Hall;1085;Sin datos;Sin datos
SEVENTEEN;"Like SEVENTEEN ""Boys Wish"" Encore Concert";2016;2;Corea del Sur;Seúl;SK Olympic HandBall Gymnasium;6500;Sin datos;Sin datos
SEVENTEEN;"Like SEVENTEEN ""Shining Diamond""";2016;7;Corea del Sur;Seúl;Jamsil Indoor Stadium;11069;Sin datos;Sin datos
SEVENTEEN;"Like SEVENTEEN ""Shining Diamond""";2016;8;Japón;Osaka;Gran Cube Osaka;2754;Sin datos;Sin datos
SEVENTEEN;"Like SEVENTEEN ""Shining Diamond""";2016;8;Japón;Tokio;Nakano Sun Plaza ;2222;Sin datos;Sin datos
SEVENTEEN;"SEVENTEEN 1st Asia Tour ""Shining Diamond""";2016;8;Singapur;Singapur;MegaBox Convention Centre;2333;104,84 USD;180,80 USD
SEVENTEEN;"SEVENTEEN 1st Asia Tour ""Shining Diamond""";2016;8;Filipinas;Manila ;Solaire Grand Theatre;1740;70,72 USD;123,76 USD
SEVENTEEN;"SEVENTEEN 1st Asia Tour ""Shining Diamond""";2016;8;Indonesia;Yakarta;Balai Sarbini;1300;77,13 USD;136,47 USD
SEVENTEEN;"SEVENTEEN 1st Asia Tour ""Shining Diamond""";2016;8;Tailandia ;Bangkok;Muang Thai GMM Live House;3000;89,36 USD;163,83 USD
SEVENTEEN;"SEVENTEEN 1st Asia Tour ""Shining Diamond""";2016;8;Australia ;Melbourne;The Plenary ;5500;68,68 USD;145,00 USD
SEVENTEEN;"SEVENTEEN 1st Asia Tour ""Shining Diamond""";2016;8;Australia ;Sídney;Bog Top Sydney;2950;62,32 USD;138,64 USD
SEVENTEEN;"SEVENTEEN 1st Asia Tour ""Shining Diamond""";2016;8;Nueva Zelanda;Auckland;The Trusts Arena ;4901;52,33 USD;129,63 USD
SEVENTEEN;"SEVENTEEN 1st Asia Tour ""Shining Diamond""";2016;9;China ;Hong Kong;KITEC;3600;74,75 USD;255,17 USD
SEVENTEEN;"SEVENTEEN 1st Asia Tour ""Shining Diamond""";2016;9;Taiwán;Taipéi;ATT Show Box;2000;Sin datos;Sin datos
SEVENTEEN;"Japan Concert ""Say The Name""";2017;2;Japón;Kobe ;Kobe World Memorial Hall;8000;Sin datos;Sin datos
SEVENTEEN;"Japan Concert ""Say The Name""";2017;2;Japón;Yokohama;Yokohama Arena ;17000;Sin datos;Sin datos
SEVENTEEN;"SEVENTEEN 1st World Tour ""Diamond Edge""";2017;7;Corea del Sur;Seúl;Jamsil Auxiliary Stadium;2000;Sin datos;Sin datos
SEVENTEEN;"SEVENTEEN 1st World Tour ""Diamond Edge""";2017;7;Japón;Saitama;Saitama Super Arena;37000;Sin datos;Sin datos
SEVENTEEN;"SEVENTEEN 1st World Tour ""Diamond Edge""";2017;8;Tailandia ;Bangkok;Thunder Dome;15000;53,62 USD;143,00 USD
SEVENTEEN;"SEVENTEEN 1st World Tour ""Diamond Edge""";2017;8;China ;Hong Kong;Asia World Expo Hall 10;13500;74,75 USD;255,17 USD
SEVENTEEN;"SEVENTEEN 1st World Tour ""Diamond Edge""";2017;8;Estados Unidos;Chicago;Rosemont Theatre;4400;65,00 USD;215,00 USD
SEVENTEEN;"SEVENTEEN 1st World Tour ""Diamond Edge""";2017;8;Estados Unidos;Dallas;Verizon Theatre At Grand Praire;6350;65,00 USD;215,00 USD
SEVENTEEN;"SEVENTEEN 1st World Tour ""Diamond Edge""";2017;8;Canadá;Toronto;Massey Hall;2752;61,23 USD;208,91 USD
SEVENTEEN;"SEVENTEEN 1st World Tour ""Diamond Edge""";2017;8;Estados Unidos;Nueva York;Terminal 5;3000;65,00 USD;215,00 USD
SEVENTEEN;"SEVENTEEN 1st World Tour ""Diamond Edge""";2017;8;Chile;Santiago;Movistar Arena;16522;26,48 USD;105,90 USD
SEVENTEEN;"SEVENTEEN 1st World Tour ""Diamond Edge""";2017;9;Malasia;Kuala Lumpur;Stadium Negara;10000;47,84 USD;120,74 USD
SEVENTEEN;"SEVENTEEN 1st World Tour ""Diamond Edge""";2017;9;Indonesia;Yakarta;Ice Hall 3A;3000;53,41 USD;118,68 USD
SEVENTEEN;"SEVENTEEN 1st World Tour ""Diamond Edge""";2017;9;Singapur;Singapur;Suntec Singapore Convention & Exhibition Centre Hall;6850;89,61 USD;233,89 USD
SEVENTEEN;"SEVENTEEN 1st World Tour ""Diamond Edge""";2017;10;Taiwán;Taipéi;Xinzhuang Gymnasium;7125;Sin datos;Sin datos
SEVENTEEN;"SEVENTEEN 1st World Tour ""Diamond Edge""";2017;10;Filipinas;Manila ;Mall of Asia Arena;20000;17,68 USD;221,01 USD
SEVENTEEN;"SEVENTEEN Japan Arena Tour ""SVT"" ";2018;2;Japón;Yokohama;Yokohama Arena ;17000;Sin datos;Sin datos
SEVENTEEN;"SEVENTEEN Japan Arena Tour ""SVT"" ";2018;2;Japón;Osaka;Osaka Jo Hall;16000;Sin datos;Sin datos
SEVENTEEN;"SEVENTEEN Japan Arena Tour ""SVT"" ";2018;3;Japón;Nagoya;Nippon Gaishi Hall;10000;Sin datos;Sin datos
SEVENTEEN;"SEVENTEEN Concert ""Ideal Cut""";2018;6;Corea del Sur;Seúl;Jamsil Indoor Stadium;11069;69,36 USD;77,06 USD
SEVENTEEN;"SEVENTEEN Concert ""Ideal Cut""";2018;7;Corea del Sur;Seúl;Jamsil Indoor Stadium;11069;69,36 USD;77,06 USD
SEVENTEEN;"SEVENTEEN Concert ""Ideal Cut""";2018;8;China ;Hong Kong;Asia World Expo Arena;12500;61,86 USD;255,16 USD
SEVENTEEN;"SEVENTEEN Concert ""Ideal Cut""";2018;9;Japón;Saitama;Saitama Super Arena;37000;Sin datos;Sin datos
SEVENTEEN;"SEVENTEEN Concert ""Ideal Cut""";2018;9;Indonesia;Yakarta;Ice Hall 3A;3000;59,34 USD;142,41 USD
SEVENTEEN;"SEVENTEEN Concert ""Ideal Cut""";2018;9;Singapur;Singapur;Singapour Indoor Stadium;12000;74,42 USD;218,70 USD
SEVENTEEN;"SEVENTEEN Concert ""Ideal Cut""";2018;9;Malasia;Kuala Lumpur;Mines International Exhibition & Convention Centre;10000;22,32 USD;111,17 USD
SEVENTEEN;"SEVENTEEN Concert ""Ideal Cut""";2018;10;Filipinas;Manila ;Mall of Asia Arena;20000;26,52 USD;221,01 USD
SEVENTEEN;"SEVENTEEN Concert ""Ideal Cut""";2018;10;Taiwán;Taipéi;Xinzhuang Gymnasium;7125;Sin datos;Sin datos
SEVENTEEN;"SEVENTEEN Japan Tour ""Haru"" ";2019;4;Japón;Fukoaka;Marine Messe Fukuoka;15000;26,55 USD;74,89 USD
SEVENTEEN;"SEVENTEEN Japan Tour ""Haru"" ";2019;4;Japón;Shizuoka;Shizuoka Ecopa Arena;10000;26,55 USD;74,89 USD
SEVENTEEN;"SEVENTEEN Japan Tour ""Haru"" ";2019;4;Japón;Saitama;Saitama Super Arena;37000;26,55 USD;74,89 USD
SEVENTEEN;"SEVENTEEN Japan Tour ""Haru"" ";2019;4;Japón;Tokio;Makuhari Messe Internacional Exhibition Hall 9;9000;26,55 USD;74,89 USD
SEVENTEEN;"SEVENTEEN Japan Tour ""Haru"" ";2019;4;Japón;Osaka;Osaka Jo Hall;16000;26,55 USD;74,89 USD
SEVENTEEN;"SEVENTEEN World Tour ""Ode To You""";2019;8;Corea del Sur;Seúl;Olympic Park Kespo Dome;15000;84,76 USD;84,76 USD
SEVENTEEN;"SEVENTEEN World Tour ""Ode To You""";2019;9;Corea del Sur;Seúl;Olympic Park Kespo Dome;15000;84,76 USD;84,76 USD
SEVENTEEN;"SEVENTEEN World Tour ""Ode To You""";2019;10;Japón;Osaka;Osaka Jo Hall;16000;Sin datos;Sin datos
SEVENTEEN;"SEVENTEEN World Tour ""Ode To You""";2019;10;Japón;Aichi;Aichi Sky Expo Hall A;6500;Sin datos;Sin datos
SEVENTEEN;"SEVENTEEN World Tour ""Ode To You""";2019;10;Japón;Yokohama;Yokohama Arena ;17000;Sin datos;Sin datos
SEVENTEEN;"SEVENTEEN World Tour ""Ode To You""";2019;11;Japón;Makuhari;Makuhari Messe International Exhibition Hall 4-6;9000;Sin datos;Sin datos
SEVENTEEN;"SEVENTEEN World Tour ""Ode To You""";2019;11;Indonesia;Yakarta;Istora Senayan Jakarta;15000;59,34 USD;148,34 USD
SEVENTEEN;"SEVENTEEN World Tour ""Ode To You""";2019;11;Tailandia ;Bangkok;Thunder Dome;15000;74,47 USD;172,77 USD
SEVENTEEN;"SEVENTEEN World Tour ""Ode To You""";2020;1;Estados Unidos;New Jersey;Prudential Center Newark NJ;16755;55,00 USD;425,00 USD
SEVENTEEN;"SEVENTEEN World Tour ""Ode To You""";2020;1;Estados Unidos;Chicago;United Center;23500;55,00 USD;425,00 USD
SEVENTEEN;"SEVENTEEN World Tour ""Ode To You""";2020;1;Estados Unidos;Dallas;Toyota Music Factory;8000;55,00 USD;425,00 USD
SEVENTEEN;"SEVENTEEN World Tour ""Ode To You""";2020;1;Estados Unidos;Houston;Smart Financial Centre;6400;55,00 USD;425,00 USD
SEVENTEEN;"SEVENTEEN World Tour ""Ode To You""";2020;1;México;Ciudad de México;Palacio de los Deportes;26000;45,32 USD;185,85 USD
SEVENTEEN;"SEVENTEEN World Tour ""Ode To You""";2020;1;Estados Unidos;Los Ángeles;The Forum;17505;55,00 USD;425,00 USD
SEVENTEEN;"SEVENTEEN World Tour ""Ode To You""";2020;1;Estados Unidos;San José;SAP Center;17562;55,00 USD;425,00 USD
SEVENTEEN;"SEVENTEEN World Tour ""Ode To You""";2020;1;Estados Unidos;Seattle;ShoWare Center ;6500;55,00 USD;425,00 USD
SEVENTEEN;"SEVENTEEN World Tour ""Ode To You""";2020;1;Filipinas;Manila ;Mall of Asia Arena;20000;35,37 USD;265,25 USD
SEVENTEEN;"SEVENTEEN World Tour ""Be The Sun""";2022;6;Corea del Sur;Seúl;Gocheok Sky Dome;16744;92,46 USD;115,58 USD
SEVENTEEN;"SEVENTEEN World Tour ""Be The Sun""";2022;8;Canadá;Vancouver;Rogers Arena ;19700;Sin datos;Sin datos
SEVENTEEN;"SEVENTEEN World Tour ""Be The Sun""";2022;8;Estados Unidos;Seattle;Climate Pledge Arena;18300;59,50 USD;449,50 USD
SEVENTEEN;"SEVENTEEN World Tour ""Be The Sun""";2022;8;Estados Unidos;Oakland;Oakland Arena;19200;59,50 USD;449,50 USD
SEVENTEEN;"SEVENTEEN World Tour ""Be The Sun""";2022;8;Estados Unidos;Los Ángeles;The Kia Forum;17505;59,50 USD;449,50 USD
SEVENTEEN;"SEVENTEEN World Tour ""Be The Sun""";2022;8;Estados Unidos;Houston;Toyota Center;19000;59,50 USD;449,50 USD
SEVENTEEN;"SEVENTEEN World Tour ""Be The Sun""";2022;8;Estados Unidos;Fort Worth;Dickies Arena ;14000;59,50 USD;449,50 USD
SEVENTEEN;"SEVENTEEN World Tour ""Be The Sun""";2022;8;Estados Unidos;Chicago;United Center;23500;59,50 USD;449,50 USD
SEVENTEEN;"SEVENTEEN World Tour ""Be The Sun""";2022;8;Estados Unidos;Washington;Capital One Arena;20356;59,50 USD;449,50 USD
SEVENTEEN;"SEVENTEEN World Tour ""Be The Sun""";2022;8;Estados Unidos;Atlanta;State Farm Arena;16888;59,50 USD;449,50 USD
SEVENTEEN;"SEVENTEEN World Tour ""Be The Sun""";2022;9;Estados Unidos;Belmont Park;UBS Arena;19000;59,50 USD;449,50 USD
SEVENTEEN;"SEVENTEEN World Tour ""Be The Sun""";2022;9;Canadá;Toronto;Scotiabank Arena ;19800;57,30 USD;143,80 USD
SEVENTEEN;"SEVENTEEN World Tour ""Be The Sun""";2022;9;Estados Unidos;Newark;Prudential Center ;16755;59,50 USD;449,50 USD
SEVENTEEN;"SEVENTEEN World Tour ""Be The Sun""";2022;9;Indonesia;Jakarta;Indonesia Convention Exhibition ;10000;65,27 USD;213,61 USD
SEVENTEEN;"SEVENTEEN World Tour ""Be The Sun""";2022;10;Tailandia ;Bangkok;Impact Challeger Hall;11000;50,00 USD;175,00 USD
SEVENTEEN;"SEVENTEEN World Tour ""Be The Sun""";2022;10;Filipinas;Manila ;Mall of Asia Arena;20000;51,30 USD;326,38 USD
SEVENTEEN;"SEVENTEEN World Tour ""Be The Sun""";2022;10;Singapur;Singapur;Singapour Indoor Stadium;12000;142,87 USD;264,46 USD
SEVENTEEN;"SEVENTEEN World Tour ""Be The Sun""";2022;11;Japón;Osaka;Kyocera Dome Osaka;55000;Sin datos;Sin datos
SEVENTEEN;"SEVENTEEN World Tour ""Be The Sun""";2022;11;Japón;Tokio;Tokyo Dome;55000;Sin datos;Sin datos
SEVENTEEN;"SEVENTEEN World Tour ""Be The Sun""";2022;12;Japón;Aichi;Vantelin Dome Nagoya;50619;Sin datos;Sin datos
SEVENTEEN;"SEVENTEEN World Tour ""Be The Sun""";2022;12;Filipinas;Bucalán;Philippine Arena;55000;32,73 USD;326,40 USD
SEVENTEEN;"SEVENTEEN World Tour ""Be The Sun""";2022;12;Indonesia;Jakarta;Gelora Bung Karno Madya Stadium;20000;65,27 USD;213,61 USD
SEVENTEEN;"SEVENTEEN Tour ""Follow"" ";2023;7;Corea del Sur;Seúl;Gocheok Sky Dome;16744;117,00 USD;150,00 USD
SEVENTEEN;"SEVENTEEN Tour ""Follow"" ";2023;9;Japón;Tokio;Tokyo Dome;55000;104,86 USD;167,77 USD
SEVENTEEN;"SEVENTEEN Tour ""Follow"" ";2023;11;Japón;Saitama;Belluna Dome;31552;104,86 USD;167,77 USD
SEVENTEEN;"SEVENTEEN Tour ""Follow"" ";2023;11;Japón;Aichi;Vantelin Dome Nagoya;50619;104,86 USD;167,77 USD
SEVENTEEN;"SEVENTEEN Tour ""Follow"" ";2023;12;Japón;Aichi;Vantelin Dome Nagoya;50619;104,86 USD;167,77 USD
SEVENTEEN;"SEVENTEEN Tour ""Follow"" ";2023;12;Japón;Osaka;Kyocera Dome Osaka;55000;104,86 USD;167,77 USD
SEVENTEEN;"SEVENTEEN Tour ""Follow"" ";2023;12;Japón;Fukoaka;Fukuoka Paypay Dome;47500;104,86 USD;167,77 USD
SEVENTEEN;"SEVENTEEN Tour ""Follow"" ";2023;12;Tailandia ;Bangkok;Rajamangala National Stadium;51552;74,50 USD;295,01 USD
SEVENTEEN;"SEVENTEEN Tour ""Follow"" ";2024;1;Filipinas;Bucalán;Philippine Sports Stadium;20000;80,00 USD;335,00 USD
SEVENTEEN;"SEVENTEEN Tour ""Follow"" ";2024;1;China ;Macao;Olympic Sports Center Stadium;102,97;102,97 USD;347,82 USD
SEVENTEEN;"SEVENTEEN Tour ""Follow"" ";2024;3;Corea del Sur;Incheon;Incheon Asiad Main Stadium;30000;100,00 USD;150,00 USD
SEVENTEEN;"SEVENTEEN Tour ""Follow"" ";2024;4;Corea del Sur;Seúl;Seoul World Cup Stadium;66704;92,46 USD;138,69 USD
SEVENTEEN;"SEVENTEEN Tour ""Follow"" ";2024;5;Japón;Osaka;Yanmar Stadium Nagai;47816;104,86 USD;188,75 USD
SEVENTEEN;"SEVENTEEN Tour ""Follow"" ";2024;5;Japón;Kanagawa;Nissan Stadium;69143;104,86 USD;188,75 USD
SEVENTEEN;"SEVENTEEN ""RIGHT HERE"" WORLD TOUR";2024;10;Corea del Sur;Goyang;Goyang Stadium;44311;92,48 USD;138,71 USD
SEVENTEEN;"SEVENTEEN ""RIGHT HERE"" WORLD TOUR";2024;10;Estados Unidos;Rosemont;Allstate Arena;16272;60,00 USD;550,00 USD
SEVENTEEN;"SEVENTEEN ""RIGHT HERE"" WORLD TOUR";2024;10;Estados Unidos;Belmont Park;UBS Arena;19000;80,00 USD;550,00 USD
SEVENTEEN;"SEVENTEEN ""RIGHT HERE"" WORLD TOUR";2024;10;Estados Unidos;San Antonio;Frost Bank Center;19000;60,00 USD;550,00 USD
SEVENTEEN;"SEVENTEEN ""RIGHT HERE"" WORLD TOUR";2024;11;Estados Unidos;Oakland;Oakland Arena;19200;85,00 USD;550,00 USD
SEVENTEEN;"SEVENTEEN ""RIGHT HERE"" WORLD TOUR";2024;11;Estados Unidos;Los Ángeles;BMO Stadium ;22000;80,00 USD;550,00 USD
SEVENTEEN;"SEVENTEEN ""RIGHT HERE"" WORLD TOUR";2024;11;Japón;Nagoya;Vantelin Dome ;50619;118,79 USD;174,69 USD
SEVENTEEN;"SEVENTEEN ""RIGHT HERE"" WORLD TOUR";2024;12;Japón;Tokio;Tokyo Dome;55000;118,79 USD;174,69 USD
SEVENTEEN;"SEVENTEEN ""RIGHT HERE"" WORLD TOUR";2024;12;Japón;Osaka;Kyocera Dome Osaka;55000;118,79 USD;174,69 USD
SEVENTEEN;"SEVENTEEN ""RIGHT HERE"" WORLD TOUR";2024;12;Japón;Fukoaka;Mizuho Paypay Dome;47500;118,79 USD;174,69 USD
SEVENTEEN;"SEVENTEEN ""RIGHT HERE"" WORLD TOUR";2025;1;Singapur;Singapur;National Stadium;55000;127,69 USD;294,90 USD
SEVENTEEN;"SEVENTEEN ""RIGHT HERE"" WORLD TOUR";2025;2;Japón;Jakarta;Jakarta International Stadium;82000;118,79 USD;174,69 USD
SEVENTEEN;"SEVENTEEN ""RIGHT HERE"" WORLD TOUR";2025;2;Tailandia ;Bangkok;Rajamangala National Stadium;51552;83,41 USD;277,02 USD
