GRUPO ;EMPRESA ;AÑO DEBUT;AÑO FIN;GÉNERO;N° MIEMBROS;Chile (SI/NO);OYENTES SPOTIFY;
BOB4;In Entertainment;2012;2012;Hombres;4;0;Sin datos;
D.Q;JL Entercom;2012;2012;Mujeres;4;0;Sin datos;
Goddess;KW Entertainment;2012;2012;Mujeres;4;0;Sin datos;
LXIA;2J Production;2012;2012;Mujeres;4;0;Sin datos;
Ne.P;Naeum Entertainment;2012;2012;Mujeres;4;0;Sin datos;
Tinus;T&I Cultures;2012;2012;Mujeres;4;0;Sin datos;
D-UNIT;D-Business Entertainment;2012;2013;Mujeres;4;0;Sin datos;
E2RE;CS Happy Entertainment;2012;2013;Mujeres;4;0;Sin datos;
She'z;Line Entertainment;2012;2014;Mujeres;4;0;Sin datos;
Tiny-G;GNG Production;2012;2015;Mujeres;4;0;Sin datos;
The SeeYa;MBK Entertainment;2012;2016;Mujeres;4;0;Sin datos;
Crayon Pop;Chrome Entertainment;2012;2017;Mujeres;4;0;Sin datos;
TWO X;Star Gaze Entertainment;2012;2017;Mujeres;4;0;Sin datos;
FlaShe;Play Music Entertainment;2012;2020;Mujeres;4;0;Sin datos;
Odd Eye;Fair Music;2013;2013;Mujeres;4;0;Sin datos;
T-ara N4;Core Contents Media;2013;2013;Mujeres;4;0;Sin datos;
Purplay;Purplei Entertainment;2013;2014;Mujeres;4;0;Sin datos;
The Gloss;MGMC;2013;2014;Mujeres;4;0;Sin datos;
K-Girls;Beauty Korea;2013;2015;Mujeres;4;0;Sin datos;
Heart Rabbit Girls;Yoon Story Entertainment;2013;2016;Mujeres;4;0;Sin datos;
AGirls;StarBay Entertainment;2013;2017;Mujeres;4;0;Sin datos;
Bestie;YNB Entertainment;2013;2018;Mujeres;4;0;Sin datos;
Wassup;Sony Music Korea Entertainment;2013;2019;Mujeres;4;0;Sin datos;
Aila;Plane Entertainment;2014;2014;Mujeres;4;0;Sin datos;
Kiss&Cry;Winning InSight;2014;2014;Mujeres;4;0;Sin datos;
1PS;Maroo Entertainment;2014;2015;Mujeres;4;0;Sin datos;
4G;Heuk Ggo Entertainment;2014;2015;Mujeres;4;0;Sin datos;
4L;Jade Contents Media;2014;2015;Mujeres;4;0;Sin datos;
Bob Girls;Chrome Entertainment;2014;2015;Mujeres;4;0;Sin datos;
Pritz;Pandagram;2014;2015;Mujeres;4;0;Sin datos;
Scarlet;Funny Collection Entertainment;2014;2015;Mujeres;4;0;Sin datos;
TOP.IC;HiCC Media;2014;2015;Mujeres;4;0;Sin datos;
A-Fati;CoolWave Entertainment;2014;2016;Mujeres;4;0;Sin datos;
A.N.D.S;CGM Entertainment;2014;2016;Mujeres;4;0;Sin datos;
Girl Hood;SC Entertainment;2014;2016;Mujeres;4;0;Sin datos;
N*White;J&J Entertainment;2014;2016;Mujeres;4;0;Sin datos;
Rainbow Blaxx;DSP Media;2014;2016;Mujeres;4;0;Sin datos;
Spica.S;CJ E&M;2014;2017;Mujeres;4;0;Sin datos;
Melody Day;Kakao M;2014;2018;Mujeres;4;0;Sin datos;
Hot Place (ex BADKIZ);ZOO Entertainment;2014;2020;Mujeres;4;0;Sin datos;
4TEN;Jungle Entertainment;2014; presente;Mujeres;4;0;Sin datos;
Mamamoo;Rainbow Bridge World;2014; presente;Mujeres;4;0;Sin datos;
4Some;Sugar Entertainment;2015;2016;Mujeres;4;0;Sin datos;
A.H.H.A;YellOCean;2015;2016;Mujeres;4;0;Sin datos;
ACE;Worthy Entertainment;2015;2016;Mujeres;4;0;Sin datos;
ASHA;NSoul Entertainment;2015;2016;Mujeres;4;0;Sin datos;
Dia Girls;Diamond One Entertainment;2015;2016;Mujeres;4;0;Sin datos;
FIONA;Supreme Entertainment;2015;2016;Mujeres;4;0;Sin datos;
LoveUs;Creative Su Entertainment;2015;2016;Mujeres;4;0;Sin datos;
HADY;Kings Entertainment;2015;2017;Mujeres;4;0;Sin datos;
The Starz;Shin Entertainment;2015;2017;Mujeres;4;0;Sin datos;
Unicorn;Cartoon Blue Company;2015;2017;Mujeres;4;0;Sin datos;
Bambino;JS Entertainment;2015;2018;Mujeres;4;0;Sin datos;
Girls Girls;H Brothers Entertainment;2015;2019;Mujeres;4;0;Sin datos;
ICIA (ex SIDA);DAM Entertainment;2015;2019;Mujeres;4;0;Sin datos;
Laysha;A1 Entertainment;2015; presente;Mujeres;4;0;Sin datos;
Hi.D;Heroes Factory;2016;2016;Mujeres;4;0;Sin datos;
Sugar Moon;BIGBAND Entertainment;2016;2016;Mujeres;4;0;Sin datos;
Bloomy;DS Entertainment;2016;2017;Mujeres;4;0;Sin datos;
DICE;BROS Entertainment;2016;2017;Mujeres;4;0;Sin datos;
Fantastie;In Entertainment;2016;2017;Mujeres;4;0;Sin datos;
Heart;KCENT Entertainment;2016;2017;Mujeres;4;0;Sin datos;
I-Ren;J Company Entertainment;2016;2017;Mujeres;4;0;Sin datos;
Mercury;Gaon Entertainment;2016;2017;Mujeres;4;0;Sin datos;
New-A;New Code;2016;2017;Mujeres;4;0;Sin datos;
Sol-T;Probeat Company;2016;2017;Mujeres;4;0;Sin datos;
Various;Cowl Entertainment;2016;2018;Mujeres;4;0;Sin datos;
Matilda;Box Media;2016;2019;Mujeres;4;0;Sin datos;
Nine Muses A;Star Empire Entertainment;2016;2019;Mujeres;4;0;Sin datos;
Blackpink;YG Entertainment;2016; presente;Mujeres;4;0;Sin datos;
HeyMiss;OGAM Entertainment;2016; presente;Mujeres;4;0;Sin datos;
HIGHTEEN;Elijah Entertainment;2016; presente;Mujeres;4;0;Sin datos;
MeiMei;StarBay Entertainment;2017;2017;Mujeres;4;0;Sin datos;
Red Queen;Interactive Media Mix;2017;2017;Mujeres;4;0;Sin datos;
O My Jewel;Acoustic Company;2017;2018;Mujeres;4;0;Sin datos;
U-HOO;Vida Records;2017;2018;Mujeres;4;0;Sin datos;
Unica;J-Mate Entertainment;2017;2018;Mujeres;4;0;Sin datos;
S2U;One Shot Entertainment;2017;2019;Mujeres;4;0;Sin datos;
VIVA;Shine E&M;2017;2019;Mujeres;4;0;Sin datos;
Melody Pink (ex The Singing Girls);KD Entertainment;2017;2020;Mujeres;4;0;Sin datos;
PRISM;LCH Entertainment;2017;2021;Mujeres;4;0;Sin datos;
S.I.S;XX Entertainment;2017;2021;Mujeres;4;0;Sin datos;
G-Reyish;Elijah Entertainment;2017;2022;Mujeres;4;0;Sin datos;
LOONA 1/3;Blockberry Creative;2017;2023;Mujeres;4;0;Sin datos;
Awesome;Midum Entertainment;2017; presente;Mujeres;4;0;Sin datos;
B.O.S.S.;Good Frendz Entertainment;2017; presente;Mujeres;4;0;Sin datos;
Busters;JTG Entertainment;2017; presente;Mujeres;4;0;Sin datos;
Chic Angel;LiZ Entertainment;2017; presente;Mujeres;4;0;Sin datos;
FanxyRed (ex Acrush);TOV Entertainment;2017; presente;Mujeres;4;0;Sin datos;
Rose Queen;New Code Music;2017; presente;Mujeres;4;0;Sin datos;
ilips;GBK Entertainment;2012;2012;Mujeres;5;0;Sin datos;
La TTE;Star Cubic Entertainment;2012;2012;Mujeres;5;0;Sin datos;
P.O.P CON;J&S Entertainment;2012;2012;Mujeres;5;0;Sin datos;
Ruby;HY Entertainment;2012;2012;Mujeres;5;0;Sin datos;
High Lady;S Contents Media;2012;2013;Mujeres;5;0;Sin datos;
LAY.T;Baeksang Entertainment;2012;2013;Mujeres;5;0;Sin datos;
PANDORA;TS Family Entertainment;2012;2013;Mujeres;5;0;Sin datos;
S the One;EC Ebenezer;2012;2013;Mujeres;5;0;Sin datos;
Puretty (ex DSP Girls);DSP Media;2012;2014;Mujeres;5;0;Sin datos;
SKarf;Alpha Entertainment;2012;2014;Mujeres;5;0;Sin datos;
EvoL;Stardom Entertainment;2012;2015;Mujeres;5;0;Sin datos;
GLAM;Big Hit Entertainment;2012;2015;Mujeres;5;0;Sin datos;
Sunny Days;Haeun Entertainment;2012;2016;Mujeres;5;0;Sin datos;
Queen B'Z;JS Entertainment;2012;2017;Mujeres;5;0;Sin datos;
Spica;CJ E&M;2012;2017;Mujeres;5;0;Sin datos;
Tahiti;Dream Star Entertainment;2012;2018;Mujeres;5;0;Sin datos;
EXID;AB Entertainment;2012; presente;Mujeres;5;0;Sin datos;
Hey Girls (ex Black Queen);Moai Entertainment;2012; presente;Mujeres;5;0;Sin datos;
Peach Girl;JM STAR Entertainment;2013;2014;Mujeres;5;0;Sin datos;
BP POP;BP Story Entertainment;2013;2015;Mujeres;5;0;Sin datos;
Delight;BrosMedia Entertainment;2013;2015;Mujeres;5;0;Sin datos;
TINT;GH Entertainment;2013;2015;Mujeres;5;0;Sin datos;
GI (Global Icon);Simtong Entertainment;2013;2016;Mujeres;5;0;Sin datos;
TREN-D;Asian Dream Entertainment;2013;2016;Mujeres;5;0;Sin datos;
2EYES;Sidus HQ;2013;2017;Mujeres;5;0;Sin datos;
AOA Black;FNC Entertainment;2013;2020;Mujeres;5;0;Sin datos;
Alice White;SMAF Production;2014;2015;Mujeres;5;0;Sin datos;
Smile.G;ShowWorks;2014;2015;Mujeres;5;0;Sin datos;
Chaness;Aquagro Entertainment;2014;2016;Mujeres;5;0;Sin datos;
A.KOR;Doo Republic;2014;2017;Mujeres;5;0;Sin datos;
D.HOLIC;Star Road Entertainment;2014;2017;Mujeres;5;0;Sin datos;
WANNA.B;Zenith Media Contents;2014;2019;Mujeres;5;0;Sin datos;
Berry Good;JTG Entertainment;2014;2021;Mujeres;5;0;Sin datos;
Laboum;NH Media;2014; presente;Mujeres;5;0;Sin datos;
Red Velvet;S.M. Entertainment;2014; presente;Mujeres;5;1;4.890.711;
ZZBest;Faith Entertainment;2015;2015;Mujeres;5;0;Sin datos;
10X10;Gaon Entertainment;2015;2016;Mujeres;5;0;Sin datos;
Awe5ome Baby;TN Nation Entertainment;2015;2016;Mujeres;5;0;Sin datos;
HEXE;Serenity Music;2015;2016;Mujeres;5;0;Sin datos;
Honey Girls;LiZ Entertainment;2015;2016;Mujeres;5;0;Sin datos;
The Ark;Music K Entertainment;2015;2016;Mujeres;5;0;Sin datos;
UNIZ;C2K Entertainment;2015;2016;Mujeres;5;0;Sin datos;
Vividiva;DN Entertainment;2015;2016;Mujeres;5;0;Sin datos;
Hotties;Soleino Entertainment;2015;2017;Mujeres;5;0;Sin datos;
Playback;Coridel Entertainment;2015;2018;Mujeres;5;0;Sin datos;
Episode (ex Vitamin Angel);Pops Entertainment;2015;" 2019; 2020 ";Mujeres;5;0;Sin datos;
Sunny Girls;SBS Contents Hub;2016;2016;Mujeres;5;0;Sin datos;
A.Some;The Solution;2016;2017;Mujeres;5;0;Sin datos;
D.el;R.A.C. Entertainment;2016;2017;Mujeres;5;0;Sin datos;
Dorothy;Leek.Mill;2016;2017;Mujeres;5;0;Sin datos;
I.B.I;LOEN Entertainment;2016;2017;Mujeres;5;0;Sin datos;
MIXX;Chiko Bros Entertainment;2016;2017;Mujeres;5;0;Sin datos;
Oh!Bliss;JT Corea Entertainment;2016;2017;Mujeres;5;0;Sin datos;
Ureka;HY Entertainment;2016;2017;Mujeres;5;0;Sin datos;
Bulldok;INNOK Entertainment;2016;2018;Mujeres;5;0;Sin datos;
SUPA;GA Entertainment;2016;2018;Mujeres;5;0;Sin datos;
Switch Berry;DAM Entertainment;2016;2018;Mujeres;5;0;Sin datos;
Holics;LPA Entertainment;2016;2021;Mujeres;5;0;Sin datos;
H.U.B;New Planet Entertainment;2016; presente;Mujeres;5;0;Sin datos;
Good Morning;C9 Entertainment;2017;2017;Mujeres;5;0;Sin datos;
PIT A PAT;PIT A PAT Entertainment;2017;2017;Mujeres;5;0;Sin datos;
1NB;Tribus Entertainment;2017;2018;Mujeres;5;0;Sin datos;
AMOR;Troy Entertainment;2017;2018;Mujeres;5;0;Sin datos;
APPLE.B;GH Entertainment;2017;2018;Mujeres;5;0;Sin datos;
P.O.P;DBW Entertainment;2017;2018;Mujeres;5;0;Sin datos;
Marmello;Rolling CultureOne;2017;2019;Mujeres;5;0;Sin datos;
Yellow Bee;Addiction Entertainment;2017;2020;Mujeres;5;0;Sin datos;
Blah Blah;FAB Entertainment;2017; presente;Mujeres;5;0;Sin datos;
Girl's Alert;Roots Entertainment;2017; presente;Mujeres;5;0;Sin datos;
HINT;Star Pro Entertainment;2017; presente;Mujeres;5;0;Sin datos;
Littles;Nega Network;2012;2012;Mujeres;3;0;Sin datos;
2winD;;2012;2013;Mujeres;2;0;Sin datos;
84LY;ShowM;2012;2013;Mujeres;6;0;Sin datos;
BBde Girl;BigStar Entertainment;2012;2013;Mujeres;6;0;Sin datos;
BTSwing;101 Doors Entertainment;2012;2013;Mujeres;2;0;Sin datos;
Jevice;DreamTea Entertainment;2012;2013;Mujeres;2;0;Sin datos;
Gangkiz;MBK Entertainment;2012;2014;Mujeres;7;0;Sin datos;
Rainbow Pixie;DSP Media;2012;2016;Mujeres;3;0;Sin datos;
Girls' Generation-TTS;S.M. Entertainment;2012;2017;Mujeres;3;0;Sin datos;
Fiestar;Kakao M;2012;" 2018; 2024 ";Mujeres;6;0;Sin datos;
15&;JYP Entertainment;2012;2019;Mujeres;2;0;Sin datos;
Hello Venus;Pledis Entertainment;2012;2019;Mujeres;6;0;Sin datos;
Six Bomb;Pace Maker Entertainment;"2012; 2015 ";2021;Mujeres;3;0;Sin datos;
AOA;FNC Entertainment;2012;2024;Mujeres;8;0;Sin datos;
Peernine;Escrow Entertainment;2013;2013;Mujeres;3;0;Sin datos;
M&N;S.M. Entertainment;2013;2014;Mujeres;2;0;Sin datos;
Duo Flo;Independiente;2013;2015;Mujeres;2;0;Sin datos;
2Yoon;Cube Entertainment;2013;2016;Mujeres;2;0;Sin datos;
BOM & HI;YG Entertainment;2013;2016;Mujeres;2;0;Sin datos;
T-ara QBS;;2013;2017;Mujeres;3;0;Sin datos;
The Lush;Oscar Entertainment;2013;2017;Mujeres;3;0;Sin datos;
Ladies' Code;Polaris Entertainment;2013;2020;Mujeres;3;0;Sin datos;
Live High;Red Creative Company;2013; presente;Mujeres;3;0;Sin datos;
Pascol;TipTop Entertainment;2013; presente;Mujeres;2;0;Sin datos;
Solji & Hani;Banana Culture;2013; presente;Mujeres;2;0;Sin datos;
A.I.N;StarCommerce Entertainment;2014;2014;Mujeres;7;0;Sin datos;
Billion;Move Entertainment;2014;2014;Mujeres;6;0;Sin datos;
Luluz;Zenith Media Contents;2014;2015;Mujeres;3;0;Sin datos;
Sunny Days Real Vocal;Haeun Entertainment;2014;2015;Mujeres;3;0;Sin datos;
M.O.A;Professional Entertainment;2014;2015;Mujeres;7;0;Sin datos;
Ye-A;SHINHOO Entertainment;2014;2015;Mujeres;8;0;Sin datos;
Bebop;HMI Entertainment;2014;2016;Mujeres;3;0;Sin datos;
Fresh Girls;Chungchun Music;2014;2016;Mujeres;2;0;Sin datos;
Purfles;Crescendo Music;2014;2016;Mujeres;3;0;Sin datos;
Vetty-L;Han Entertainment;2014;2016;Mujeres;3;0;Sin datos;
Lip Service;Chorok Entertainment;2014;2017;Mujeres;3;0;Sin datos;
Wings;Sony Music Korea Entertainment;2014;2017;Mujeres;2;;Sin datos;
KIWI Band M;Star Road Entertainment;2014;2018;Mujeres;3;0;Sin datos;
Switch;DAM Entertainment;2014;2018;Mujeres;8;0;Sin datos;
Year 7 Class 1;Dareun Byeol Entertainment;2014;2018;Mujeres;7;0;Sin datos;
Lovelyz;Woollim Entertainment;2014;2021;Mujeres;8;0;Sin datos;
Sonamoo;TS Entertainment;2014;2021;Mujeres;7;0;Sin datos;
Date;Loco Music;2014; presente;Mujeres;2;0;Sin datos;
Dreamcatcher;Dreamcatcher Company;2014; presente;Mujeres;7;0;Sin datos;
Hi Suhyun;YG Entertainment;2014; presente;Mujeres;2;0;Sin datos;
Pink BnN;Kakao M;2014; presente;Mujeres;2;0;Sin datos;
Pungdeng-E;DOMA Entertainment;2014; presente;Mujeres;3;0;Sin datos;
Smile Girls;Starhaus Entertainment;2015;2015;Mujeres;2;0;Sin datos;
Verry;StoneShip Entertainment;2015;2015;Mujeres;2;0;Sin datos;
A Plus;Owl Entertainment;2015;2016;Mujeres;3;0;Sin datos;
MyB;Maroo Entertainment;2015;2016;Mujeres;6;0;Sin datos;
The Shorties;CS Entertainment;2015;2016;Mujeres;3;0;Sin datos;
A.KOR BLACK;Doo Republic;2015;2017;Mujeres;2;0;Sin datos;
H2L (ex SUS4);Regolith Entertainment;2015;2017;Mujeres;3;0;Sin datos;
Queendom (Sixth Sense);ANJ Entertainment;2015;2017;Mujeres;3;0;Sin datos;
Cupid;Narda Entertainment;2015;2019;Mujeres;7;0;Sin datos;
LIME;V&K Entertainment;2015;2019;Mujeres;3;0;Sin datos;
Baby Boo;Hyunda Entertainment;2015;2020;Mujeres;3;0;Sin datos;
GFriend;Source Music;2015;2021;Mujeres;6;0;Sin datos;
April;DSP Media;2015;2022;Mujeres;6;0;Sin datos;
CLC;Cube Entertainment;2015;2022;Mujeres;7;0;Sin datos;
DIA;MBK Entertainment;2015;2022;Mujeres;10;0;Sin datos;
Oh My Girl;WM Entertainment;2015; presente;Mujeres;7;0;Sin datos;
PPL;Parksal Entertainment;2015; presente;Mujeres;6;0;Sin datos;
Rubber Soul;Universal Music;2015; presente;Mujeres;2;0;Sin datos;
Twice;JYP Entertainment;2015; presente;Mujeres;9;1;10.326.727;
Daydream;Voice Level;2016;2016;Mujeres;3;0;Sin datos;
Double B;In Entertainment;2016;2016;Mujeres;2;0;Sin datos;
Red Sun;Invictus Music;2016;2016;Mujeres;2;0;Sin datos;
A.De;2ABLE Company;2016;2017;Mujeres;6;0;Sin datos;
I.O.I;YMC Entertainment;2016;2017;Mujeres;11;0;Sin datos;
O21 (O To One);Houxiu TV;2016;2017;Mujeres;6;0;Sin datos;
Bling;PS Creative;2016;2018;Mujeres;6;0;Sin datos;
J-Young;Softventures Inc.;2016;2018;Mujeres;2;0;Sin datos;
Real Girls Project;Interactive Media Mix;2016;2018;Mujeres;10;0;Sin datos;
CocoSori;Mole Entertainment;2016;2019;Mujeres;2;0;Sin datos;
OAHSIS;YAMA & HOTCHICKS;2016;2019;Mujeres;7;0;Sin datos;
U-US;Erum Entertainment;2016;2019;Mujeres;3;0;Sin datos;
Gugudan;Jellyfish Entertainment;2016;2020;Mujeres;8;0;Sin datos;
LOONA;Blockberry Creative;2016;2023;Mujeres;12;0;Sin datos;
Momoland;MLD Entertainment;2016;2023;Mujeres;9;0;Sin datos;
AOA Cream;FNC Entertainment;2016; presente;Mujeres;3;0;Sin datos;
Bolbbalgan4;Shofar Music;2016; presente;Mujeres;2;0;Sin datos;
Cosmic Girls (WJSN);Starship Entertainment;2016; presente;Mujeres;13;0;Sin datos;
L.U.B[n 44]​;MBK Entertainment;2016; presente;Mujeres;2;0;Sin datos;
MOXIE;Urban Entertainment;2016; presente;Mujeres;2;0;Sin datos;
Cashcoma;ThisIs Media;2017;2017;Mujeres;2;0;Sin datos;
Girls Next Door;Il Entertainment;2017;2017;Mujeres;7;0;Sin datos;
S.E.T;Hoonstar Entertainment;2017;2017;Mujeres;3;0;Sin datos;
S2;Climix Entertainment;2017;2018;Mujeres;6;0;Sin datos;
Sunny Play;Two-H Company;2017;2018;Mujeres;9;0;Sin datos;
Good Day;C9 Entertainment;2017;2019;Mujeres;10;0;Sin datos;
LipBubble;Zenith Media Contents;2017;2019;Mujeres;7;0;Sin datos;
Midnight;C9 Entertainment;2017;2019;Mujeres;3;0;Sin datos;
Pristin;Pledis Entertainment;2017;2019;Mujeres;10;0;Sin datos;
SHA SHA;Major Entertainment;2017;2019;Mujeres;6;0;Sin datos;
Bonus Baby;Maroo Entertainment;2017;2020;Mujeres;6;0;Sin datos;
Limesoda;DMaker Entertainment;2017;2020;Mujeres;3;0;Sin datos;
ABRY;Weed HS;2017; presente;Mujeres;3;0;Sin datos;
Alice;Hunus Entertainment;2017;2024;Mujeres;7;0;Sin datos;
Favorite;Astory Entertainment;2017; presente;Mujeres;6;0;Sin datos;
Good Night;C9 Entertainment;2017; presente;Mujeres;2;0;Sin datos;
HASHTAG;Luk Factory;2017; presente;Mujeres;7;0;Sin datos;
LOONA Odd Eye Circle;MODHAUS;2017; presente;Mujeres;3;0;Sin datos;
Soda Bomb;Pace Maker Entertainment;2017; presente;Mujeres;2;0;Sin datos;
Weki Meki;Fantagio Entertainment;2017; presente;Mujeres;8;0;Sin datos;
BOB4;In Entertainment;2012;2012;Hombres;4;0;Sin datos;
Mr.Slam;Kkun Entertainment;2012;2012;Hombres;5;0;Sin datos;
4 Heaven;Bridge Entertainment;2012;2013;Hombres;4;0;Sin datos;
Attack;A Entertainment;2012;2013;Hombres;5;0;Sin datos;
CHAOS;Winning InSight;2012;2013;Hombres;5;0;Sin datos;
K-Boys;NSB Korea Entertainment;2012;2013;Hombres;5;0;Sin datos;
7.9.4.2;Contents Storage Company;2012;2014;Hombres;5;0;Sin datos;
E7;Excellent Entertainment;2012;2014;Hombres;7;0;Sin datos;
EXO-K;S.M. Entertainment;2012;2014;Hombres;6;1;3.918.143;
F.I.X;The Groove Entertainment;2012;2014;Hombres;3;0;Sin datos;
Wonder Boyz;ENT102;2012;2014;Hombres;4;0;Sin datos;
A-Prince;New Planet Entertainment;2012;2015;Hombres;5;0;Sin datos;
Airplane;Winning InSight;2012;2015;Hombres;3;0;Sin datos;
C-Clown;Sony Music Korea Entertainment;2012;2015;Hombres;6;0;Sin datos;
New-Us;Star Cubic Entertainment;2012;2015;Hombres;4;0;Sin datos;
SPEED;MBK Entertainment;2012;2015;Hombres;6;0;Sin datos;
Excite;150 Entertainment;2012;2016;Hombres;4;0;Sin datos;
Lunafly;Nega Network;2012;2017;Hombres;3;;Sin datos;
S.M. The Performance;S.M. Entertainment;2012;2017;Hombres;8;0;Sin datos;
Offroad;SHow Entertainment;2012;2018;Hombres;5;0;Sin datos;
A-JAX;DSP Media;2012;2019;Hombres;7;0;Sin datos;
B.A.P;TS Entertainment;2012;2019;Hombres;6;0;Sin datos;
BIGSTAR;Brave Entertainment;2012;2019;Hombres;5;0;Sin datos;
100%;TOP Media;2012;2021;Hombres;7;0;Sin datos;
NU'EST;Pledis Entertainment;2012;2022;Hombres;5;0;Sin datos;
24K;Choeun Entertainment;2012; presente;Hombres;5;0;Sin datos;
2BiC;Nextar Entertainment;2012; presente;Hombres;2;;Sin datos;
4K[n 15]​;Choeun Entertainment;2012; presente;Hombres;3;0;Sin datos;
A.cian;Wings Entertainment;2012; presente;Hombres;4;0;Sin datos;
BtoB;Cube Entertainment;2012; presente;Hombres;7;0;Sin datos;
Cross Gene;Amuse Korea Inc.;2012; presente;Hombres;4;0;Sin datos;
G.IAM;Red Apple Entertainment;2012;" 2014; 2018 ";Hombres;4;0;Sin datos;
Hanch Brothers (ex TASTY);Xiong Wei Entertainment;2012; presente;Hombres;2;0;Sin datos;
JJ Project;JYP Entertainment;2012; presente;Hombres;2;0;Sin datos;
M-Tiful;LOEN Entertainment;2012; presente;Hombres;2;0;Sin datos;
Mr.Mr;E-HO Entertainment;2012; presente;Hombres;5;0;Sin datos;
TimeZ;SuperJet Entertainment;2012; presente;Hombres;6;0;Sin datos;
Toxic;TNC Company;2012; presente;Hombres;2;0;Sin datos;
VIXX;Jellyfish Entertainment;2012; presente;Hombres;6;1;264.687;
B.O.i;M.fel Entertainment;2013;2013;Hombres;5;;Sin datos;
CollaVoice;GF Entertainment;2013;2013;Hombres;4;0;Sin datos;
ESQ;Avance Entertainment;2013;2013;Hombres;5;0;Sin datos;
Got2B;SW Entertainment;2013;2013;Hombres;4;0;Sin datos;
Iconize;Nekki Entertainment;2013;2013;Hombres;5;0;Sin datos;
Jackpot;TS Entertainment;2013;2013;Hombres;9;0;Sin datos;
Jungukgu;Cube Entertainment;2013;2013;Hombres;4;0;Sin datos;
MAIN;Wave On Entertainment;2013;2013;Hombres;;0;Sin datos;
Never Mind;Toeast Music;2013;2013;Hombres;4;0;Sin datos;
PURE;Pure Entertainment;2013;2013;Hombres;5;0;Sin datos;
Victor;On Spot Entertainment Korea;2013;2013;Hombres;5;0;Sin datos;
ZE:A FIVE;Star Empire Entertainment;2013;2013;Hombres;5;0;Sin datos;
ZE:A 4U;Star Empire Entertainment;2013;2013;Hombres;4;0;Sin datos;
DEMION;Lions Bridge Entertainment;2013;2014;Hombres;5;0;Sin datos;
I-REX;Tarzan Entertainment;2013;2014;Hombres;5;0;Sin datos;
Notice;Gaon Entertainment;2013;2014;Hombres;6;0;Sin datos;
NU'EST-M;Pledis Entertainment;2013;2014;Hombres;6;0;Sin datos;
Champs;JS Entertainment;2013;2015;Hombres;5;0;Sin datos;
LC9;Nega Network;2013;2015;Hombres;6;0;Sin datos;
M4M;Cube Entertainment;2013;2015;Hombres;4;0;Sin datos;
M.I.K;Global Artist Entertainment;2013;2015;Hombres;4;0;Sin datos;
M.Pire;Luce Entertainment;2013;2015;Hombres;7;0;Sin datos;
Pro C;GNI Entertainment;2013;2015;Hombres;2;0;Sin datos;
J2M;TU Entertainment;2013;2016;Hombres;2;0;Sin datos;
NOM;JM STAR Entertainment;2013;2016;Hombres;5;0;Sin datos;
Infinite H;Woollim Entertainment;2013;2017;Hombres;2;0;Sin datos;
HISTORY;LOEN Entertainment;2013;2017;Hombres;5;0;Sin datos;
Say Yes;Music Factory Entertainment;2013;2017;Hombres;5;0;Sin datos;
Underdog;2ABLE Company;2013;2017;Hombres;5;;Sin datos;
Boys Republic;Happy Tribe Entertainment;2013;2018;Hombres;5;0;Sin datos;
uBEAT;NH Media;2013;2019;Hombres;3;0;Sin datos;
100% V;TOP Media;2013;2021;Hombres;4;0;Sin datos;
Xeno-T (ex Topp Dogg);Hunus Entertainment;2013;2021;Hombres;5;0;Sin datos;
AlphaBAT;Simtong Entertainment;2013; presente;Hombres;5;0;Sin datos;
BTS;Big Hit Music;2013; presente;Hombres;7;1;25.328.249;
Egobomb;Sniper Sound;2013; presente;Hombres;2;0;Sin datos;
GB9 (Gilgu Bonggu);The Music Works;2013; presente;Hombres;2;0;Sin datos;
Honey G;Chungchun Music;2013; presente;Hombres;3;0;Sin datos;
N.Flying;FNC Entertainment;2013; presente;Hombres;5;0;Sin datos;
N.O.M (Nature of Man);BROS Entertainment;2013; presente;Hombres;2;0;Sin datos;
A.T.O;CON Entertainment;2014;2014;Hombres;4;0;Sin datos;
Herycle;Gul Dduk Entertainment;2014;2014;Hombres;5;0;Sin datos;
Penta-G;Mirrorball Music;2014;2014;Hombres;5;0;Sin datos;
Toheart;Woollim Entertainment;2014;2014;Hombres;2;0;Sin datos;
X10;Happy Star Entertainment;2014;2014;Hombres;2;0;Sin datos;
Billionaire;Independiente;2014;2015;Hombres;2;0;Sin datos;
BLAST;Kings Entertainment;2014;2015;Hombres;5;0;Sin datos;
BTL;SHINHOO Entertainment;2014;2015;Hombres;8;0;Sin datos;
FameUs;KN Media;2014;2015;Hombres;6;0;Sin datos;
M.I.7;D-Business Entertainment;2014;2015;Hombres;7;0;Sin datos;
Ugly Pumpkin;GF Entertainment;2014;2015;Hombres;3;0;Sin datos;
Atomic Kiz;Leaders Contents Company;2014;2016;Hombres;5;0;Sin datos;
HeartB;Marblepop Entertainment;2014;2016;Hombres;4;0;Sin datos;
JACE;Right Achievement Group;2014;2016;Hombres;2;0;Sin datos;
Welldone Potato;Banana Culture;2014;2016;Hombres;4;0;Sin datos;
ZEST;Zenith Media Contents;2014;2016;Hombres;5;0;Sin datos;
ZPZG;JStar Entertainment;2014;2016;Hombres;4;0;Sin datos;
AA;SHow Entertainment;2014;2017;Hombres;2;0;Sin datos;
HIGH4;N.A.P. Entertainment;2014;2017;Hombres;4;0;Sin datos;
Madtown;GNI Entertainment;2014;2017;Hombres;7;0;Sin datos;
Nutaz;MBK Entertainment;2014;2017;Hombres;2;0;Sin datos;
The Legend;SS Entertainment;2014;2017;Hombres;5;0;Sin datos;
Be.A (ex K-MUCH);Chrome Entertainment;2014;2018;Hombres;5;0;Sin datos;
BEAT WIN;Heavenly Star Content;2014;2018;Hombres;5;0;Sin datos;
PUREBOY;It Entertainment;2014;2018;Hombres;9;0;Sin datos;
HALO;Histar Entertainment;2014;2019;Hombres;6;0;Sin datos;
5URPRISE;Fantagio Entertainment;2014;2020;Hombres;5;0;Sin datos;
Hotshot;Star Crew Entertainment;2014;2021;Hombres;6;0;Sin datos;
2000WON;Reve Entertainment;2014; presente;Hombres;2;0;Sin datos;
B.I.G;GH Entertainment;2014; presente;Hombres;6;0;Sin datos;
Beat Burger;S.M. Entertainment;2014; presente;Hombres;5;;Sin datos;
BigFlo;HO Company;2014; presente;Hombres;5;0;Sin datos;
GOT7;JYP Entertainment;2014; presente;Hombres;7;1;2.454.970;
Hyukoh;YG Entertainment;2014; presente;Hombres;4;0;Sin datos;
Infinite F;Woollim Entertainment;2014; presente;Hombres;3;0;Sin datos;
JJCC;Jackie Chan Group Korea;2014; presente;Hombres;5;0;Sin datos;
LU:KUS (ex L.A.U);JWK Entertainment;2014; presente;Hombres;4;0;Sin datos;
Rion Five;Narda Entertainment;2014; presente;Hombres;6;0;Sin datos;
The King;Stallion Entertainment;2014; presente;Hombres;5;0;Sin datos;
TROY;Brand New Music;2014; presente;Hombres;4;0;Sin datos;
Uniq;Yuehua Entertainment;2014; presente;Hombres;5;0;Sin datos;
Winner;YG Entertainment;2014; presente;Hombres;4;0;Sin datos;
1PUNCH;Brave Entertainment;2015;2015;Hombres;2;0;Sin datos;
IN4MAL;AllBlack Entertainment;2015;2015;Hombres;5;0;Sin datos;
OneVoices;HaK Entertainment;2015;2015;Hombres;2;0;Sin datos;
ZEST-Z;Zenith Media Contents;2015;2015;Hombres;3;0;Sin datos;
A6P;DS Entertainment;2015;2016;Hombres;6;0;Sin datos;
AOORA & HOIK;Blue Star Entertainment;2015;2016;Hombres;2;0;Sin datos;
Dongnae Oppa;Mac Agencia;2015;2016;Hombres;6;0;Sin datos;
Hidden;Yanus Music;2015;2016;Hombres;5;0;Sin datos;
HIGHBROW;MBK Entertainment;2015;2016;Hombres;2;0;Sin datos;
Lose Control;Haeun Entertainment;2015;2016;Hombres;6;0;Sin datos;
NPI;New Planet Entertainment;2015;2016;Hombres;6;0;Sin datos;
P.L.O;Butterfly Entertainment;2015;2016;Hombres;6;0;Sin datos;
PURE-L;It Entertainment;2015;2016;Hombres;6;0;Sin datos;
Trophy;FM Entertainment;2015;2016;Hombres;5;0;Sin datos;
ZE:A J;Star Empire Entertainment;2015;2016;Hombres;3;0;Sin datos;
ALL-STAR;BurnHard Entertainment;2015;2017;Hombres;5;0;Sin datos;
Double Eight;HY Entertainment;2015;2017;Hombres;5;0;Sin datos;
VX;JJ Entertainment;2015;2017;Hombres;5;0;Sin datos;
Snuper;Widmay Entertainment;2015;2023;Hombres;6;0;Sin datos;
VIXX LR;Jellyfish Entertainment;2015;2023;Hombres;2;0;Sin datos;
BASTARZ;KQ Entertainment;2015; presente;Hombres;3;0;Sin datos;
Big Brain;Major9 Entertainment;2015; presente;Hombres;4;0;Sin datos;
Day6;JYP Entertainment;2015; presente;Hombres;5;1;2.341.249;
IKON;YG Entertainment;2015; presente;Hombres;6;0;Sin datos;
M.A.P6;All-S Entertainment;2015; presente;Hombres;6;0;Sin datos;
Monsta X;Starship Entertainment;2015; presente;Hombres;7;1;1.198.770;
Romeo;Hunus Entertainment;2015; presente;Hombres;7;0;Sin datos;
Seventeen;Pledis Entertainment;2015; presente;Hombres;13;1;5.370.250;
UP10TION;TOP Media;2015; presente;Hombres;10;0;Sin datos;
VAV;A Team Entertainment;2015; presente;Hombres;7;0;Sin datos;
Xst;Midas Entertainment;2015; presente;Hombres;5;0;Sin datos;
HIGH4 20;N.A.P. Entertainment;2016;2016;Hombres;2;0;Sin datos;
INX;NA Entertainment;2016;2017;Hombres;5;0;Sin datos;
Z:ON;J Star Entertainment;2016;2017;Hombres;2;0;Sin datos;
TheEastLight;MediaLine Entertainment;2016;2018;Hombres;6;0;Sin datos;
MASC;J Planet Entertainment;2016;2020;Hombres;4;0;Sin datos;
Voisper;Evermore Music;2016;2021;Hombres;4;0;Sin datos;
Astro;Fantagio Entertainment;2016; presente;Hombres;6;0;Sin datos;
BINBLOW;Music&New;2016; presente;Hombres;2;0;Sin datos;
Boys Generally Asian (BgA);Wong Fu Productions;2016; presente;Hombres;5;0;Sin datos;
BtoB-Blue;Cube Entertainment;2016; presente;Hombres;4;0;Sin datos;
EXO-CBX;S.M. Entertainment;2016; presente;Hombres;3;0;Sin datos;
High Tension;Independiente;2016; presente;Hombres;2;0;Sin datos;
Imfact;Star Empire Entertainment;2016; presente;Hombres;5;0;Sin datos;
KNK;220 Entertainment;2016; presente;Hombres;5;0;Sin datos;
LST;OGAM Entertainment;2016; presente;Hombres;7;0;Sin datos;
New Town Boyz;Independiente;2016; presente;Hombres;4;0;Sin datos;
NCT U;S.M. Entertainment;2016; presente;Hombres;23;0;Sin datos;
NCT 127;S.M. Entertainment;2016; presente;Hombres;9;0;Sin datos;
NCT Dream;S.M. Entertainment;2016; presente;Hombres;7;;2.600.000;
Pentagon;Cube Entertainment;2016; presente;Hombres;9;0;Sin datos;
SF9;FNC Entertainment;2016; presente;Hombres;9;1;361.958;
SS301;CI Entertainment;2016; presente;Hombres;3;0;Sin datos;
VICTON;IST Entertainment;2016; presente;Hombres;7;0;Sin datos;
Vromance;Rainbow Bridge World;2016; presente;Hombres;4;0;Sin datos;
B.I.T (Burning Time);SD Entertainment;2017;2017;Hombres;5;0;Sin datos;
Elvin Crew;HiCC;2017;2017;Hombres;5;0;Sin datos;
Unit Black;CJ E&M;2017;2017;Hombres;8;0;Sin datos;
3RACHA;JYP Entertainment;2017;2018;Hombres;3;0;Sin datos;
B.HEART;Poong Entertainment;2017;2018;Hombres;4;0;Sin datos;
B:SKIT;G-Creative;2017;2018;Hombres;4;0;Sin datos;
BLK;BYKING Entertainment;2017;2018;Hombres;6;0;Sin datos;
JBJ;LOEN Entertainment;2017;2018;Hombres;6;0;Sin datos;
Longguo & Shihyun;Choon Entertainment;2017;2018;Hombres;2;0;Sin datos;
NU'EST-W;Pledis Entertainment;2017;2018;Hombres;4;0;Sin datos;
Rainz;KISS Entertainment;2017;2018;Hombres;7;0;Sin datos;
Vermuda;Pace Maker Entertainment;2017;2018;Hombres;5;0;Sin datos;
14U;BG Entertainment;2017;2019;Hombres;14;0;Sin datos;
BAIKAL;Baikal Entertainment;2017;2019;Hombres;7;0;Sin datos;
BLANC7;Jackpot Entertainment;2017;2019;Hombres;7;0;Sin datos;
Honeyst;FNC Entertainment;2017;2019;Hombres;4;0;Sin datos;
Myteen;The Music Works;2017;2019;Hombres;7;0;Sin datos;
Varsity;Eccle Entertainment;2017;2019;Hombres;6;0;Sin datos;
Wanna One;Swing Entertainment;2017;2019;Hombres;11;1;768.479;
H.B.Y;Rainbow Entertainment;2017;2020;Hombres;4;0;Sin datos;
BLACK6IX;Black Hole Entertainment;2017;2021;Hombres;6;0;Sin datos;
Seven O'clock;Forest Network;2017;2021;Hombres;7;0;Sin datos;
MVP;PH Entertainment;2017;2022;Hombres;7;0;Sin datos;
TRCNG;TS Entertainment;2017;2022;Hombres;8;0;Sin datos;
A.C.E;Beat Interactive;2017; presente;Hombres;5;0;Sin datos;
Class Mate;HF Music Company;2017; presente;Hombres;3;0;Sin datos;
EXP EDITION;IMMAB Entertainment;2017; presente;Hombres;4;0;Sin datos;
Golden Child;Woollim Entertainment;2017; presente;Hombres;10;0;Sin datos;
Great Guys;DNA Entertainment;2017; presente;Hombres;9;0;Sin datos;
IM;MBK Entertainment;2017; presente;Hombres;4;0;Sin datos;
IN2IT;MMO Entertainment;2017; presente;Hombres;6;0;Sin datos;
IZ;Music K Entertainment;2017; presente;Hombres;4;0;Sin datos;
M.O.N.T;Fly Music Entertainment;2017; presente;Hombres;3;0;Sin datos;
MXM;Brand New Music;2017; presente;Hombres;2;0;Sin datos;
ONF;WM Entertainment;2017; presente;Hombres;6;0;Sin datos;
Paradise;HL Company;2017; presente;Hombres;4;0;Sin datos;
The Boyz;IST Entertainment;2017; presente;Hombres;11;0;Sin datos;
Trophy Cat;Billion DC;2017; presente;Hombres;2;0;Sin datos;
TST;JM STAR Entertainment;2017; presente;Hombres;5;0;Sin datos;
Varsity-V;Eccle Entertainment;2017; presente;Hombres;5;0;Sin datos;
X Hearts;Amuse Korea Inc.;2017; presente;Hombres;3;0;Sin datos;
Younique Unit;S.M. Entertainment;2012;2012;Mixto;4H - 1M;0;Sin datos;
Akdong Musician;YG Entertainment;2012; presente;Mixto;1H - 1M;0;Sin datos;
Brit;Nextar Entertainment;2013;2013;;;0;Sin datos;
NASTY NASTY;Star Empire Entertainment;2014;2014;Mixto;1H - 2M;0;Sin datos;
Lapis Lazuli;TK Entertainment;2014;2015;Mixto;2H - 1M;0;Sin datos;
Almeng;Majesty Entertainment;2014; presente;Mixto;1H - 1M;0;Sin datos;
Jimin N J.Don;FNC Entertainment;2015;2015;Mixto;1H - 1M;0;Sin datos;
Triple T;S.M. Ent. y JYP Ent.;2016;2016;Mixto;1H - 2M;0;Sin datos;
DIP MX;Inter BD Entertainment;2016; presente;Mixto;2H - 1M;0;Sin datos;
Kard;DSP Media;2016; presente;Mixto;2H - 2M;1;863.426;
Triple H;Cube Entertainment;2017;2018;Mixto;2H - 1M;0;Sin datos;
;;;;;;;;
