GRUPO;TIPO DE EVENTO;AÑO ;MES ;PAÍS;CIUDAD ;RECINTO;CAPACIDAD;NOMBRE GIRA
Stray Kids;Showcase;2019;Enero;Tailandia;Bangkok;Thunder Dome;15000;UNVEIL TOUR ‘I am…’
Stray Kids;Showcase;2019;Enero;Indonesia;Yakarta;Indonesia Convention Exhibition;10000;UNVEIL TOUR ‘I am…’
Stray Kids;Showcase;2019;Febrero;Australia;Melbourne;Festival Hall;2500;UNVEIL TOUR ‘I am…’
Stray Kids;Showcase;2019;Febrero;Australia;Sídney;The Big Top;3000;UNVEIL TOUR ‘I am…’
Stray Kids;Showcase;2019;Abril;Filipinas;Manila;Araneta Coliseum;16500;UNVEIL TOUR ‘I am…’
Stray Kids;Showcase;2019;Mayo;Estados Unidos;Newark;NJ Performing Arts Center;5369;UNVEIL TOUR ‘I am…’
Stray Kids;Showcase;2019;Mayo;Estados Unidos;Newark;NJ Performing Arts Center;5369;UNVEIL TOUR ‘I am…’
Stray Kids;Showcase;2019;Mayo;Estados Unidos;Los Ángeles;Pasadena Civil Auditorium;3000;UNVEIL TOUR ‘I am…’
Stray Kids;Showcase;2019;Mayo;Estados Unidos;Houston;Revention Music Center;3464;UNVEIL TOUR ‘I am…’
Stray Kids;Showcase;2019;Julio ;Inglaterra;Londres;02 Academy Brixton;4921;UNVEIL TOUR ‘I am…’
Stray Kids;Showcase;2019;Julio ;Francia;París;Les Docks De Paris Pullman;3200;UNVEIL TOUR ‘I am…’
Stray Kids;Showcase;2019;Agosto;Alemania;Berlín;Verti Music Hall;4350;UNVEIL TOUR ‘I am…’
Stray Kids;Showcase;2019;Agosto;Rusia;Moscú;Adrenaline Stadium;8500;UNVEIL TOUR ‘I am…’
Stray Kids;Showcase;2019;Septiembre;Japón;Yokohama;Pacifico Yokohoma National Hall;5002;UNVEIL TOUR ‘I am…’
Stray Kids;Concierto;2019;Noviembre;Corea del Sur;Seúl;Olympic Park Hall;2400;District 9 : Unlock
Stray Kids;Concierto;2019;Noviembre;Corea del Sur;Seúl;Olympic Park Hall;2400;District 9 : Unlock
Stray Kids;Concierto;2020;Enero;Estados Unidos;Nueva York;Hulu Theater;5500;District 9 : Unlock
Stray Kids;Concierto;2020;Febrero;Estados Unidos;Atlanta;Fox Theater;5048;District 9 : Unlock
Stray Kids;Concierto;2020;Febrero;Estados Unidos;Dallas;The Theatre at grand prairie;6350;District 9 : Unlock
Stray Kids;Concierto;2020;Febrero;Estados Unidos;Chicago;Rosemont Theater;4400;District 9 : Unlock
Stray Kids;Concierto;2020;Febrero;Estados Unidos;Miami;Watsco Center;8000;District 9 : Unlock
Stray Kids;Concierto;2020;Febrero;Estados Unidos;Phoenix;Comerica Theater;5000;District 9 : Unlock
Stray Kids;Concierto;2020;Febrero;Estados Unidos;San José;Provident Credit Union Event Center;6000;District 9 : Unlock
Stray Kids;Concierto;2020;Febrero;Estados Unidos;Los Ángeles;Microsoft Theater;7100;District 9 : Unlock
Stray Kids;Concierto;2022;Abril;Corea del Sur;Seúl;Jamsil Indoor Stadium;13409;" 2nd World Tour ""Maniac"""
Stray Kids;Concierto;2022;Abril;Corea del Sur;Seúl;Jamsil Indoor Stadium;14409;" 2nd World Tour ""Maniac"""
Stray Kids;Concierto;2022;Mayo;Corea del Sur;Seúl;Jamsil Indoor Stadium;15409;" 2nd World Tour ""Maniac"""
Stray Kids;Concierto;2022;Junio ;Japón;K?be;World Memorial Hall;8000;" 2nd World Tour ""Maniac"""
Stray Kids;Concierto;2022;Junio ;Japón;K?be;World Memorial Hall;13000;" 2nd World Tour ""Maniac"""
Stray Kids;Concierto;2022;Junio ;Japón;Tokio;Yoyogi National Stadium 1st Gymnasium;13000;" 2nd World Tour ""Maniac"""
Stray Kids;Concierto;2022;Junio ;Japón;Tokio;Yoyogi National Stadium 1st Gymnasium;19000;" 2nd World Tour ""Maniac"""
Stray Kids;Concierto;2022;Junio ;Estados Unidos;Newark;Prudential Center;19000;" 2nd World Tour ""Maniac"""
Stray Kids;Concierto;2022;Junio ;Estados Unidos;Newark;Prudential Center;23500;" 2nd World Tour ""Maniac"""
Stray Kids;Concierto;2022;Julio ;Estados Unidos;Chicago;United Center;21000;" 2nd World Tour ""Maniac"""
Stray Kids;Concierto;2022;Julio ;Estados Unidos;Atlanta;State Farm Arena;14000;" 2nd World Tour ""Maniac"""
Stray Kids;Concierto;2022;Julio ;Estados Unidos;Fort Worth;Dickies Arena;17500;" 2nd World Tour ""Maniac"""
Stray Kids;Concierto;2022;Julio ;Estados Unidos;Los Ángeles;Kia Forum;17500;" 2nd World Tour ""Maniac"""
Stray Kids;Concierto;2022;Julio ;Estados Unidos;Los Ángeles;Kia Forum;19596;" 2nd World Tour ""Maniac"""
Stray Kids;Concierto;2022;Julio ;Estados Unidos;Oakland;Oakland Arena;18000;" 2nd World Tour ""Maniac"""
Stray Kids;Concierto;2022;Julio ;Estados Unidos;Seattle;Climate Pledge Arena;18000;" 2nd World Tour ""Maniac"""
Stray Kids;Concierto;2022;Julio ;Estados Unidos;Seattle;Climate Pledge Arena;18900;" 2nd World Tour ""Maniac"""
Stray Kids;Concierto;2022;Julio ;Estados Unidos;Anaheim;Honda Center;18900;" 2nd World Tour ""Maniac"""
Stray Kids;Concierto;2022;Julio ;Estados Unidos;Anaheim;Honda Center;13000;" 2nd World Tour ""Maniac"""
Stray Kids;Concierto;2022;Julio ;Japón;Tokio;Yoyogi National Stadium 1st Gymnasium;13000;" 2nd World Tour ""Maniac"""
Stray Kids;Concierto;2022;Julio ;Japón;Tokio;Yoyogi National Stadium 1st Gymnasium;15000;" 2nd World Tour ""Maniac"""
Stray Kids;Concierto;2022;Septiembre;Corea del Sur;Seúl;KSPO Dome;15000;" 2nd World Tour ""Maniac"""
Stray Kids;Concierto;2022;Septiembre;Corea del Sur;Seúl;KSPO Dome;15000;" 2nd World Tour ""Maniac"""
Stray Kids;Concierto;2022;Noviembre;Indonesia;Yakarta;Beach City International Stadium;15000;" 2nd World Tour ""Maniac"""
Stray Kids;Concierto;2022;Noviembre;Indonesia;Yakarta;Beach City International Stadium;15000;" 2nd World Tour ""Maniac"""
(G)I-DLE;Concierto;2022;Junio;Corea del Sur;Seúl;Olympic Park Hall;2452;Just Me ()IDLE
(G)I-DLE;Concierto;2022;Junio;Corea del Sur;Seúl;Olympic Park Hall;2452;Just Me ()IDLE
(G)I-DLE;Concierto;2022;Junio;Corea del Sur;Seúl;Olympic Park Hall;2452;Just Me ()IDLE
(G)I-DLE;Concierto;2022;Julio;Estados Unidos;Los Ángeles;The Novo;2400;Just Me ()IDLE
(G)I-DLE;Concierto;2022;Julio;Estados Unidos;San Francisco;The Warfield;2300;Just Me ()IDLE
(G)I-DLE;Concierto;2022;Julio;Estados Unidos;Seattle;Showbox Sodo;1200;Just Me ()IDLE
(G)I-DLE;Concierto;2022;Julio;Estados Unidos;Dallas;The Factory In Deep Ellum;4000;Just Me ()IDLE
(G)I-DLE;Concierto;2022;Agosto;Estados Unidos;Houston;Hobby Center;2650;Just Me ()IDLE
(G)I-DLE;Concierto;2022;Agosto;Estados Unidos;Chicago;Radius;3500;Just Me ()IDLE
(G)I-DLE;Concierto;2022;Agosto;Estados Unidos;Nueva York;Terminal 5;3000;Just Me ()IDLE
(G)I-DLE;Concierto;2022;Agosto;Estados Unidos;Atlanta;Cobb Energy Perfoming Arts Centre;2750;Just Me ()IDLE
(G)I-DLE;Concierto;2022;Agosto;Chile;Santiago de Chile;Teatro Caupolicán;7000;Just Me ()IDLE
(G)I-DLE;Concierto;2022;Agosto;México;Ciudad de México;Pepsi Center;8000;Just Me ()IDLE
(G)I-DLE;Concierto;2022;Agosto;México;Monterrey;Show Center Complex;4500;Just Me ()IDLE
(G)I-DLE;Concierto;2022;Agosto;Tailandia;Bangkok;Thunder Dome;7000;Just Me ()IDLE
(G)I-DLE;Concierto;2022;Agosto;Indonesia;Yakarta;The Kasablanka;4000;Just Me ()IDLE
(G)I-DLE;Concierto;2022;Septiembre;Malasia;Kuala Lumpur;Zepp Kuala Lumpur;2000;Just Me ()IDLE
(G)I-DLE;Concierto;2022;Septiembre;Filipinas;Manila;New Frontier Theater;1500;Just Me ()IDLE
(G)I-DLE;Concierto;2022;Septiembre;Japón;Tokio;Toyosu Pit;1500;Just Me ()IDLE
(G)I-DLE;Concierto;2022;Septiembre;Japón;Tokio;Toyosu Pit;1500;Just Me ()IDLE
(G)I-DLE;Concierto;2022;Octubre;Singapur;Singapur;The Star Theatre;5000;Just Me ()IDLE
Stray Kids;Concierto;2023;Febrero;Tailandia;Pak Kret;Impact Arena;12000;" 2nd World Tour ""Maniac"""
Stray Kids;Concierto;2023;Febrero;Tailandia;Pak Kret;Impact Arena;12000;" 2nd World Tour ""Maniac"""
Stray Kids;Concierto;2023;Febrero;Singapur;Singapur;Singapore Indoor Stadium;12000;" 2nd World Tour ""Maniac"""
Stray Kids;Concierto;2023;Febrero;Japón;Saitama;Saitama Super Arena;36500;" 2nd World Tour ""Maniac"""
Stray Kids;Concierto;2023;Febrero;Japón;Saitama;Saitama Super Arena;36500;" 2nd World Tour ""Maniac"""
Stray Kids;Concierto;2023;Febrero;Australia;Melbourne;Rod Laver Arena;15400;" 2nd World Tour ""Maniac"""
Stray Kids;Concierto;2023;Febrero;Australia;Melbourne;Rod Laver Arena;15400;" 2nd World Tour ""Maniac"""
Stray Kids;Concierto;2023;Febrero;Australia;Sídney;Qudos Bank Arena;21000;" 2nd World Tour ""Maniac"""
Stray Kids;Concierto;2023;Febrero;Australia;Sídney;Qudos Bank Arena;21000;" 2nd World Tour ""Maniac"""
Stray Kids;Concierto;2023;Febrero;Japón;Osaka;Kyocera Dome Osaka;36418;" 2nd World Tour ""Maniac"""
Stray Kids;Concierto;2023;Febrero;Japón;Osaka;Kyocera Dome Osaka;36418;" 2nd World Tour ""Maniac"""
Stray Kids;Concierto;2023;Marzo;Filipinas;Manila;SM Mall Of Asia Arena;20000;" 2nd World Tour ""Maniac"""
Stray Kids;Concierto;2023;Marzo;Filipinas;Manila;SM Mall Of Asia Arena;20000;" 2nd World Tour ""Maniac"""
Stray Kids;Concierto;2023;Marzo;Estados Unidos;Atlanta;State Farm Arena;16500;" 2nd World Tour ""Maniac"""
Stray Kids;Concierto;2023;Marzo;Estados Unidos;Atlanta;State Farm Arena;16500;" 2nd World Tour ""Maniac"""
Stray Kids;Concierto;2023;Marzo;Estados Unidos;Fort Worth;Dickies Arena;14000;" 2nd World Tour ""Maniac"""
Stray Kids;Concierto;2023;Marzo;Estados Unidos;Fort Worth;Dickies Arena;14000;" 2nd World Tour ""Maniac"""
Stray Kids;Concierto;2023;Marzo;Estados Unidos;Los Ángeles;BMO Stadium;22000;" 2nd World Tour ""Maniac"""
Stray Kids;Concierto;2023;Abril;Estados Unidos;Los Ángeles;BMO Stadium;22000;" 2nd World Tour ""Maniac"""
Stray Kids;Concierto;2023;Agosto;Japón;Fukuoka;PayPay Dome;40000;5-STAR Dome Tour
Stray Kids;Concierto;2023;Agosto;Japón;Fukuoka;PayPay Dome;40000;5-STAR Dome Tour
Stray Kids;Concierto;2023;Septiembre;Japón;Nagoya;Vantelin Dome;49000;5-STAR Dome Tour
Stray Kids;Concierto;2023;Septiembre;Japón;Nagoya;Vantelin Dome;49000;5-STAR Dome Tour
Stray Kids;Concierto;2023;Septiembre;Japón;Osaka;Kyocera Dome;36418;5-STAR Dome Tour
Stray Kids;Concierto;2023;Septiembre;Japón;Osaka;Kyocera Dome;36418;5-STAR Dome Tour
Stray Kids;Concierto;2023;Septiembre;Corea del Sur;Seúl;KSPO Dome;15000;5-STAR Dome Tour
Stray Kids;Concierto;2023;Octubre;Corea del Sur;Seúl;KSPO Dome;15000;5-STAR Dome Tour
Stray Kids;Concierto;2023;Octubre;Japón;Tokio;Tokyo Dome;55000;5-STAR Dome Tour
Stray Kids;Concierto;2023;Octubre;Japón;Tokio;Tokyo Dome;55000;5-STAR Dome Tour
Stray Kids;Concierto;2023;Octubre;Corea del Sur;Seúl;Gocheok Sky Dome;25000;5-STAR Dome Tour Special
Stray Kids;Concierto;2023;Octubre;Corea del Sur;Seúl;Gocheok Sky Dome;25000;5-STAR Dome Tour Special
(G)I-DLE;Concierto;2023;Junio;Corea del Sur;Seúl;Jamsil Indoor Stadium;10000;I Am FREE-TY
(G)I-DLE;Concierto;2023;Junio;Corea del Sur;Seúl;Jamsil Indoor Stadium;10000;I Am FREE-TY
(G)I-DLE;Concierto;2023;Julio;Taiwán;Taipéi;Taipei Music Center;6000;I Am FREE-TY
(G)I-DLE;Concierto;2023;Julio;Taiwán;Taipéi;Taipei Music Center;10000;I Am FREE-TY
(G)I-DLE;Concierto;2023;Julio;Tailandia;Bangkok;Thunder Dome;7000;I Am FREE-TY
(G)I-DLE;Concierto;2023;Julio;China;Hong Kong;Asia World Expo Hall 10;10000;I Am FREE-TY
(G)I-DLE;Concierto;2023;Julio;China;Hong Kong;Asia World Expo Hall 10;10000;I Am FREE-TY
(G)I-DLE;Concierto;2023;Agosto;Estados Unidos;San Francisco;Bill Graham Civic Auditorium;7000;I Am FREE-TY
(G)I-DLE;Concierto;2023;Agosto;Estados Unidos;Los Ángeles;Microsoft Theater;7100;I Am FREE-TY
(G)I-DLE;Concierto;2023;Agosto;Estados Unidos;Dallas;Texas Trust Cu Theatre;6350;I Am FREE-TY
(G)I-DLE;Concierto;2023;Agosto;Estados Unidos;Nueva York;The Theater At MSG;5600;I Am FREE-TY
(G)I-DLE;Concierto;2023;Agosto;Estados Unidos;Atlanta;Fox Theatre;4665;I Am FREE-TY
(G)I-DLE;Concierto;2023;Agosto;Estados Unidos;Chicago;Rosemont Theatre;4400;I Am FREE-TY
(G)I-DLE;Concierto;2023;Septiembre;Inglaterra;Londres;OVO Arena Wembley;12500;I Am FREE-TY
(G)I-DLE;Concierto;2023;Septiembre;Países Bajos;Ámsterdam;AFAS Live;6000;I Am FREE-TY
(G)I-DLE;Concierto;2023;Septiembre;Francia;París;Zenith Paris - La Villette;6000;I Am FREE-TY
(G)I-DLE;Concierto;2023;Septiembre;Bélgica;Región de Bruselas-Capital;Vorst National;8000;I Am FREE-TY
(G)I-DLE;Concierto;2023;Septiembre;Alemania;Berlín;Verti Music Hall;4500;I Am FREE-TY
(G)I-DLE;Concierto;2023;Septiembre;Alemania;Berlín;Verti Music Hall;4500;I Am FREE-TY
(G)I-DLE;Concierto;2023;Septiembre;Japón;Tokio;Thachikawa Stage Garden;2500;I Am FREE-TY
(G)I-DLE;Concierto;2023;Septiembre;Japón;Tokio;Thachikawa Stage Garden;2500;I Am FREE-TY
(G)I-DLE;Concierto;2023;Octubre;China;Macao;Galaxy Arena;18000;I Am FREE-TY
(G)I-DLE;Concierto;2023;Octubre;Singapur;Singapur;Singapore Indoor Stadium;13000;I Am FREE-TY
Aespa;Concierto;2023;Febrero;Corea del Sur;Seúl;Jamsil Arena;11069;"1st Live Tour ""Synk: Hyper Line"""
Aespa;Concierto;2023;Febrero;Corea del Sur;Seúl;Jamsil Arena;11069;"1st Live Tour ""Synk: Hyper Line"""
Aespa;Concierto;2023;Marzo;Japón;Osaka;Osaka Jo Hall;16000;"1st Live Tour ""Synk: Hyper Line"""
Aespa;Concierto;2023;Marzo;Japón;Osaka;Osaka Jo Hall;16000;"1st Live Tour ""Synk: Hyper Line"""
Aespa;Concierto;2023;Marzo;Japón;Osaka;Osaka Jo Hall;16000;"1st Live Tour ""Synk: Hyper Line"""
Aespa;Concierto;2023;Marzo;Japón;Osaka;Osaka Jo Hall;16000;"1st Live Tour ""Synk: Hyper Line"""
Aespa;Concierto;2023;Abril;Japón;Tokio;Yoyogi National Stadium First Gymnasium;12934;"1st Live Tour ""Synk: Hyper Line"""
Aespa;Concierto;2023;Abril;Japón;Tokio;Yoyogi National Stadium First Gymnasium;12934;"1st Live Tour ""Synk: Hyper Line"""
Aespa;Concierto;2023;Abril;Japón;Saitama;Saitama Super Arena;36500;"1st Live Tour ""Synk: Hyper Line"""
Aespa;Concierto;2023;Abril;Japón;Saitama;Saitama Super Arena;36500;"1st Live Tour ""Synk: Hyper Line"""
Aespa;Concierto;2023;Abril;Japón;Prefectura de Aichi;Nippon Gaishi Hall;10000;"1st Live Tour ""Synk: Hyper Line"""
Aespa;Concierto;2023;Abril;Japón;Prefectura de Aichi;Nippon Gaishi Hall;10000;"1st Live Tour ""Synk: Hyper Line"""
Aespa;Concierto;2023;Junio;Indonesia;Yakarta;Indonesia Convention Exhibition;4750;"1st Live Tour ""Synk: Hyper Line"""
Aespa;Concierto;2023;Agosto;Japón;Tokio;Tokyo Dome;42000;"1st Live Tour ""Synk: Hyper Line"""
Aespa;Concierto;2023;Agosto;Japón;Tokio;Tokyo Dome;42000;"1st Live Tour ""Synk: Hyper Line"""
Aespa;Concierto;2023;Agosto;Estados Unidos;Los Ángeles;Crypto.com Arena;20000;"1st Live Tour ""Synk: Hyper Line"""
Aespa;Concierto;2023;Agosto;Estados Unidos;Dallas;The Pavilion At Toyota Music Factory;2500;"1st Live Tour ""Synk: Hyper Line"""
Aespa;Concierto;2023;Agosto;Estados Unidos;Miami;James L. Knight Center;4605;"1st Live Tour ""Synk: Hyper Line"""
Aespa;Concierto;2023;Agosto;Estados Unidos;Atlanta;Fox Theatre;4665;"1st Live Tour ""Synk: Hyper Line"""
Aespa;Concierto;2023;Agosto;Estados Unidos;Washington D. C.;The Theater At MGM National Harbor;3000;"1st Live Tour ""Synk: Hyper Line"""
Aespa;Concierto;2023;Agosto;Estados Unidos;Chicago;Rosemont Theatre;4400;"1st Live Tour ""Synk: Hyper Line"""
Aespa;Concierto;2023;Septiembre;Estados Unidos;Boston;MGM Music Hall;5009;"1st Live Tour ""Synk: Hyper Line"""
Aespa;Concierto;2023;Septiembre;Estados Unidos;Nueva York;Barclays Center;15795;"1st Live Tour ""Synk: Hyper Line"""
Aespa;Concierto;2023;Septiembre;México;Ciudad de México;Palacio De Los Deportes;17800;"1st Live Tour ""Synk: Hyper Line"""
Aespa;Concierto;2023;Septiembre;Brasil;São Paulo;Espaço Unimed;25000;"1st Live Tour ""Synk: Hyper Line"""
Aespa;Concierto;2023;Septiembre;Chile;Santiago de Chile;Teatro Caupolicán;7000;"1st Live Tour ""Synk: Hyper Line"""
Aespa;Concierto;2023;Septiembre;Alemania;Berlín;Columbiahalle;4900;"1st Live Tour ""Synk: Hyper Line"""
Aespa;Concierto;2023;Septiembre;Inglaterra;Londres;The O2;20000;"1st Live Tour ""Synk: Hyper Line"""
Aespa;Concierto;2023;Septiembre;Francia;París;Dôme de Paris;4600;"1st Live Tour ""Synk: Hyper Line"""
Stray Kids;Concierto;2024;Agosto;Corea del Sur;Seúl;KSPO Dome;15000;DominATE Tour
Stray Kids;Concierto;2024;Agosto;Corea del Sur;Seúl;KSPO Dome;15000;DominATE Tour
Stray Kids;Concierto;2024;Agosto;Corea del Sur;Seúl;KSPO Dome;15000;DominATE Tour
Stray Kids;Concierto;2024;Septiembre;Corea del Sur;Seúl;KSPO Dome;15000;DominATE Tour
Stray Kids;Concierto;2024;Septiembre;Singapur;Singapur;Estadio Nacional;48000;DominATE Tour
Stray Kids;Concierto;2024;Octubre;Australia;Melbourne;Estadio Marvel;53000;DominATE Tour
Stray Kids;Concierto;2024;Octubre;Australia;Sídney;Estadio Allianz;42000;DominATE Tour
Stray Kids;Concierto;2024;Noviembre;Taiwán;Kaohsiung;Estadio Nacional de Kaohsiung;55000;DominATE Tour
Stray Kids;Concierto;2024;Noviembre;Japón;Tokio;Tokyo Dome;55000;DominATE Tour
Stray Kids;Concierto;2024;Noviembre;Japón;Tokio;Tokyo Dome;55000;DominATE Tour
Stray Kids;Concierto;2024;Noviembre;Japón;Tokio;Tokyo Dome;55000;DominATE Tour
Stray Kids;Concierto;2024;Noviembre;Filipinas;Bocaue;Arena Filipina;15000;DominATE Tour
Stray Kids;Concierto;2024;Noviembre;China;Macao;Galaxy Arena;16000;DominATE Tour
Stray Kids;Concierto;2024;Noviembre;China;Macao;Galaxy Arena;16000;DominATE Tour
Stray Kids;Concierto;2024;Diciembre;Japón;Osaka;Kyocera Dome;36418;DominATE Tour
Stray Kids;Concierto;2024;Diciembre;Japón;Osaka;Kyocera Dome;36418;DominATE Tour
Stray Kids;Concierto;2024;Diciembre;Japón;Osaka;Kyocera Dome;36418;DominATE Tour
Stray Kids;Concierto;2024;Diciembre;Tailandia;Bangkok;Estadio Suphachalasai;20000;DominATE Tour
Stray Kids;Concierto;2024;Diciembre;Indonesia;Yakarta;Estadio de Indonesia;82000;DominATE Tour
Stray Kids;Concierto;2024;Enero;Hong Kong;Hong Kong;AsiaWorld–Arena;14000;DominATE Tour
(G)I-DLE;Concierto;2024;Agosto;Corea del Sur;Seúl;KSPO Dome;15000;I-DOL
(G)I-DLE;Concierto;2024;Agosto;China;Hong Kong;Asia World Expo Arena;14000;I-DOL
(G)I-DLE;Concierto;2024;Agosto;China;Hong Kong;Asia World Expo Arena;14000;I-DOL
(G)I-DLE;Concierto;2024;Agosto;China;Hong Kong;Asia World Expo Arena;14000;I-DOL
(G)I-DLE;Concierto;2024;Septiembre;Japón;Tokio;Ariake Arena;15000;I-DOL
(G)I-DLE;Concierto;2024;Septiembre;Estados Unidos;Tacoma;Tacoma Dome;23000;I-DOL
(G)I-DLE;Concierto;2024;Septiembre;Estados Unidos;Oakland;Oakland Arena;19000;I-DOL
(G)I-DLE;Concierto;2024;Septiembre;Estados Unidos;Anaheim;Honda Center;18000;I-DOL
(G)I-DLE;Concierto;2024;Septiembre;Estados Unidos;Houston;Toyota Center;18000;I-DOL
(G)I-DLE;Concierto;2024;Septiembre;Estados Unidos;Rosemont;Allstate Arena;18500;I-DOL
(G)I-DLE;Concierto;2024;Septiembre;Estados Unidos;Belmont Park, Colwood;UBS Arena;19000;I-DOL
(G)I-DLE;Concierto;2024;Octubre;Taiwán;Taipéi;Taipei Arena;10000;I-DOL
(G)I-DLE;Concierto;2024;Octubre;Tailandia;Bangkok;Impact Arena;11000;I-DOL
(G)I-DLE;Concierto;2024;Octubre;China;Macao;Galaxy Arena;18000;I-DOL
(G)I-DLE;Concierto;2024;Octubre;China;Macao;Galaxy Arena;18000;I-DOL
(G)I-DLE;Concierto;2024;Octubre;China;Macao;Galaxy Arena;18000;I-DOL
(G)I-DLE;Concierto;2024;Octubre;Australia;Melbourne;Rod Laver Arena;15000;I-DOL
(G)I-DLE;Concierto;2024;Noviembre;Australia;Sídney;Qudos Bank Arena;21000;I-DOL
Aespa;Concierto;2024;Junio;Corea del Sur;Seúl;Jamsil Indoor Stadium;11069;"2nd Live Tour ""Synk: Parallel Line"""
Aespa;Concierto;2024;Junio;Corea del Sur;Seúl;Jamsil Indoor Stadium;11069;"2nd Live Tour ""Synk: Parallel Line"""
Aespa;Concierto;2024;Julio;Japón;Fukuoka;Marine Messe Fukuoka;10000;"2nd Live Tour ""Synk: Parallel Line"""
Aespa;Concierto;2024;Julio;Japón;Nagoya;Aichi Sky Expo;20000;"2nd Live Tour ""Synk: Parallel Line"""
Aespa;Concierto;2024;Julio;Japón;Nagoya;Aichi Sky Expo;20000;"2nd Live Tour ""Synk: Parallel Line"""
Aespa;Concierto;2024;Julio;Japón;Saitama;Saitama Super Arena;36500;"2nd Live Tour ""Synk: Parallel Line"""
Aespa;Concierto;2024;Julio;Japón;Saitama;Saitama Super Arena;36500;"2nd Live Tour ""Synk: Parallel Line"""
Aespa;Concierto;2024;Julio;Singapur;Singapur;Singapore Indoor Stadium;12000;"2nd Live Tour ""Synk: Parallel Line"""
Aespa;Concierto;2024;Julio;Japón;Osaka;Asue Arena Osaka;16000;"2nd Live Tour ""Synk: Parallel Line"""
Aespa;Concierto;2024;Julio;Japón;Osaka;Asue Arena Osaka;16000;"2nd Live Tour ""Synk: Parallel Line"""
Aespa;Concierto;2024;Julio;Japón;Fukuoka;Marine Messe Fukuoka;10000;"2nd Live Tour ""Synk: Parallel Line"""
Aespa;Concierto;2024;Julio;Japón;Fukuoka;Marine Messe Fukuoka;10000;"2nd Live Tour ""Synk: Parallel Line"""
Aespa;Concierto;2024;Agosto;China;Hong Kong;AsiaWorld–Expo, Hall 10;22000;"2nd Live Tour ""Synk: Parallel Line"""
Aespa;Concierto;2024;Agosto;China;Hong Kong;AsiaWorld–Expo, Hall 10;22000;"2nd Live Tour ""Synk: Parallel Line"""
Aespa;Concierto;2024;Agosto;Taiwán;Taipéi;NTSU Arena;15000;"2nd Live Tour ""Synk: Parallel Line"""
Aespa;Concierto;2024;Agosto;Taiwán;Taipéi;NTSU Arena;15000;"2nd Live Tour ""Synk: Parallel Line"""
Aespa;Concierto;2024;Agosto;Taiwán;Taipéi;NTSU Arena;15000;"2nd Live Tour ""Synk: Parallel Line"""
Aespa;Concierto;2024;Agosto;Japón;Tokio;Tokyo Dome;55000;"2nd Live Tour ""Synk: Parallel Line"""
Aespa;Concierto;2024;Agosto;Japón;Tokio;Tokyo Dome;55000;"2nd Live Tour ""Synk: Parallel Line"""
Aespa;Concierto;2024;Agosto;Indonesia;Yakarta;Beach City International Stadium;15000;"2nd Live Tour ""Synk: Parallel Line"""
Aespa;Concierto;2024;Agosto;Australia;Sídney;Qudos Bank Arena;16000;"2nd Live Tour ""Synk: Parallel Line"""
Aespa;Concierto;2024;Agosto;Australia;Sídney;Qudos Bank Arena;16000;"2nd Live Tour ""Synk: Parallel Line"""
Aespa;Concierto;2024;Septiembre;Australia;Melbourne;Rod Laver Arena;15000;"2nd Live Tour ""Synk: Parallel Line"""
Aespa;Concierto;2024;Septiembre;China;Macao;Macau Studio City Event Centre;5000;"2nd Live Tour ""Synk: Parallel Line"""
Aespa;Concierto;2024;Septiembre;China;Macao;Macau Studio City Event Centre;5000;"2nd Live Tour ""Synk: Parallel Line"""
Aespa;Concierto;2024;Septiembre;Tailandia;Bangkok;Impact Arena;12000;"2nd Live Tour ""Synk: Parallel Line"""
Aespa;Concierto;2024;Septiembre;Tailandia;Bangkok;Impact Arena;12000;"2nd Live Tour ""Synk: Parallel Line"""
ARTMS;Concierto;2024;Julio;Corea del Sur;Seúl;Ewha Womans Univ. Samsung Hall;2800;Moonshot in Korea
ARTMS;Concierto;2024;Julio;Corea del Sur;Seúl;Ewha Womans Univ. Samsung Hall;2800;Moonshot in Korea
ARTMS;Concierto;2024;Julio;Japón;Tokio;KT Zepp Yokohama;2146;Moonshot in Japan
ARTMS;Concierto;2024;Agosto;Estados Unidos;Nueva York;King's Theatre;3250;Moonshot in US
ARTMS;Concierto;2024;Agosto;Estados Unidos;Atlanta;Tabernacle;2600;Moonshot in US
ARTMS;Concierto;2024;Agosto;Estados Unidos;Fort Lauderdale;Broward Center;5455;Moonshot in US
ARTMS;Concierto;2024;Agosto;Estados Unidos;Orlando;Walt Disney Theater;2265;Moonshot in US
ARTMS;Concierto;2024;Agosto;Estados Unidos;Houston;Bayou Music Center;3700;Moonshot in US
ARTMS;Concierto;2024;Agosto;Estados Unidos;Dallas;Music Hall at Fair Park;3420;Moonshot in US
ARTMS;Concierto;2024;Agosto;Estados Unidos;Denver;The Van Buren;1800;Moonshot in US
ARTMS;Concierto;2024;Agosto;Estados Unidos;Los Ángeles;The Orpheum Theatre;1976;Moonshot in US
ARTMS;Concierto;2024;Septiembre;Estados Unidos;San Francisco;The Warfield;2300;Moonshot in US
ARTMS;Concierto;2024;Septiembre;Estados Unidos;Tacoma;Pantages Theatre;2703;Moonshot in US
ARTMS;Concierto;2024;Septiembre;Estados Unidos;Mineápolis;Uptown Theater;1700;Moonshot in US
ARTMS;Concierto;2024;Septiembre;Estados Unidos;Chicago;Copernicus Center;1852;Moonshot in US
ARTMS;Concierto;2024;Septiembre;Chile;Santiago de Chile;Teatro Teletón;1250;Moonshot in Latinamerica
ARTMS;Concierto;2024;Septiembre;Brasil;São Paulo;Terra SP;4000;Moonshot in Latinamerica
ARTMS;Concierto;2024;Septiembre;Colombia;Bogotá;Royal Center;4500;Moonshot in Latinamerica
ARTMS;Concierto;2024;Septiembre;México;Ciudad de México;Auditorio BB;3252;Moonshot in Latinamerica
ARTMS;Concierto;2024;Octubre;Finlandia;Helsinki;House of Culture;1452;Moonshot in Europe
ARTMS;Concierto;2024;Octubre;Polonia ;Varsovia;Progresja;2000;Moonshot in Europe
ARTMS;Concierto;2024;Octubre;Alemania;Colonia;Carlswerk Victoria;1600;Moonshot in Europe
ARTMS;Concierto;2024;Octubre;Alemania;Berlín;Huxleys Neue Welt;1600;Moonshot in Europe
ARTMS;Concierto;2024;Octubre;Francia;París;Salle Pleyel;2000;Moonshot in Europe
ARTMS;Concierto;2024;Octubre;Inglaterra;Londres;indigo at The O2;2700;Moonshot in Europe
ARTMS;Concierto;2024;Octubre;España;Barcelona;Sala Razzmatazz;2100;Moonshot in Europe
ARTMS;Concierto;2024;Noviembre;Australia;Brisbane;The Tivoli;1560;Moonshot in Australia
ARTMS;Concierto;2024;Noviembre;Australia;Melbourne;170 Russell;1000;Moonshot in Australia
ARTMS;Concierto;2024;Noviembre;Australia;Sídney;Liberty Hall;1200;Moonshot in Australia
ARTMS;Concierto;2024;Noviembre;China;Macao;Macau Fisherman's Wharf Convention and Exhibition Center;3000;Moonshot in Macau
Stray Kids;Concierto;2025;Enero;Hong Kong;Hong Kong;AsiaWorld–Arena;14000;DominATE Tour
Stray Kids;Concierto;2025;Marzo;Chile;Santiago de Chile;Estadio Bicentenario de La Florida;11376;DominATE Tour
Stray Kids;Concierto;2025;Marzo;Chile;Santiago de Chile;Estadio Bicentenario de La Florida;11376;DominATE Tour
Stray Kids;Concierto;2025;Abril;Brasil;Río de Janeiro;Estadio Nilton Santos;60000;DominATE Tour
Stray Kids;Concierto;2025;Abril;Brasil;São Paulo;Estadio MorumBIS;72039;DominATE Tour
Stray Kids;Concierto;2025;Abril;Brasil;São Paulo;Estadio MorumBIS;72039;DominATE Tour
Stray Kids;Concierto;2025;Abril;Perú;Lima;Estadio San Marcos;32000;DominATE Tour
Stray Kids;Concierto;2025;Abril;México;Ciudad de México;Estadio GNP Seguros;37500;DominATE Tour
Stray Kids;Concierto;2025;Abril;México;Ciudad de México;Estadio GNP Seguros;37500;DominATE Tour
Stray Kids;Concierto;2025;Mayo;Japón;Fukuroi;Estadio Shizuoka ECOPA;50889;DominATE Tour
Stray Kids;Concierto;2025;Mayo;Japón;Fukuroi;Estadio Shizuoka ECOPA;50889;DominATE Tour
Stray Kids;Concierto;2025;Mayo;Japón;Fukuroi;Estadio Shizuoka ECOPA;50889;DominATE Tour
Stray Kids;Concierto;2025;Mayo;Japón;Fukuroi;Estadio Shizuoka ECOPA;50889;DominATE Tour
Stray Kids;Concierto;2025;Mayo;Estados Unidos;Seattle;Parque T-Mobile;47929;DominATE Tour
Stray Kids;Concierto;2025;Mayo;Estados Unidos;San Francisco;Parque Oracle;40800;DominATE Tour
Stray Kids;Concierto;2025;Mayo;Estados Unidos;Inglewood;Estadio SoFi;70240;DominATE Tour
Stray Kids;Concierto;2025;Junio;Estados Unidos;Inglewood;Estadio SoFi;70240;DominATE Tour
Stray Kids;Concierto;2025;Junio;Estados Unidos;Condado de Arlington;Campo de vida del globo;40300;DominATE Tour
Stray Kids;Concierto;2025;Junio;Estados Unidos;Condado de Arlington;Campo de vida del globo;40300;DominATE Tour
Stray Kids;Concierto;2025;Junio;Estados Unidos;Cumberland;Parque Truist;41149;DominATE Tour
Stray Kids;Concierto;2025;Junio;Estados Unidos;Orlando;Estadio Camping World;65000;DominATE Tour
Stray Kids;Concierto;2025;Junio;Estados Unidos;Nueva York;Citi Field;41922;DominATE Tour
Stray Kids;Concierto;2025;Junio;Estados Unidos;Nueva York;Citi Field;41922;DominATE Tour
Stray Kids;Concierto;2025;Junio;Estados Unidos;Washington D. C.;Parque Nacional;41373;DominATE Tour
Stray Kids;Concierto;2025;Junio;Estados Unidos;Chicago;Campo Wrigley;41200;DominATE Tour
Stray Kids;Concierto;2025;Junio;Canadá;Toronto;Estadio Rogers;49115;DominATE Tour
Stray Kids;Concierto;2025;Julio;Países Bajos;Ámsterdam;Estadio Johan Cruijff;55000;DominATE Tour
Stray Kids;Concierto;2025;Julio;Alemania;Fráncfort del Meno;Parque del Deutsche Bank;58000;DominATE Tour
Stray Kids;Concierto;2025;Julio;Inglaterra;Londres;Estadio del Tottenham Hotspur;62850;DominATE Tour
Stray Kids;Concierto;2025;Julio;Inglaterra;Londres;Estadio del Tottenham Hotspur;62850;DominATE Tour
Stray Kids;Concierto;2025;Julio;España;Madrid;Riad Air Metropolitano;68456;DominATE Tour
Stray Kids;Concierto;2025;Julio;España;Madrid;Riad Air Metropolitano;68456;DominATE Tour
Stray Kids;Concierto;2025;Julio;Francia;Saint-Denis;Estadio de Francia;80000;DominATE Tour
Stray Kids;Concierto;2025;Julio;Francia;Saint-Denis;Estadio de Francia;80000;DominATE Tour
(G)I-DLE;Concierto;2025;Julio;Italia;Roma;Estadio Olímpico;70000;DominATE Tour
Aespa;Concierto;2025;Enero;Estados Unidos;Kent;accesso ShoWare Center;7300;"2nd Live Tour ""Synk: Parallel Line"""
Aespa;Concierto;2025;Enero;Estados Unidos;Oakland;Oakland Arena;19596;"2nd Live Tour ""Synk: Parallel Line"""
Aespa;Concierto;2025;Febrero;Estados Unidos;Inglewood;Kia Forum;17505;"2nd Live Tour ""Synk: Parallel Line"""
Aespa;Concierto;2025;Febrero;México;Ciudad de México;Palacio de los Deportes;20000;"2nd Live Tour ""Synk: Parallel Line"""
Aespa;Concierto;2025;Febrero;Estados Unidos;Orlando;Kia Center;20000;"2nd Live Tour ""Synk: Parallel Line"""
Aespa;Concierto;2025;Febrero;Estados Unidos;Charlotte;Spectrum Center;19077;"2nd Live Tour ""Synk: Parallel Line"""
Aespa;Concierto;2025;Febrero;Estados Unidos;Newark;Prudential Center;19500;"2nd Live Tour ""Synk: Parallel Line"""
Aespa;Concierto;2025;Febrero;Canadá;Toronto;Scotiabank Arena;19800;"2nd Live Tour ""Synk: Parallel Line"""
Aespa;Concierto;2025;Febrero;Estados Unidos;Chicago;United Center;23500;"2nd Live Tour ""Synk: Parallel Line"""
Aespa;Concierto;2025;Marzo;Inglaterra;Londres;OVO Arena Wembley;12500;"2nd Live Tour ""Synk: Parallel Line"""
Aespa;Concierto;2025;Marzo;Francia;París;Zénith Paris;6293;"2nd Live Tour ""Synk: Parallel Line"""
Aespa;Concierto;2025;Marzo;Países Bajos;Ámsterdam;AFAS Live;6000;"2nd Live Tour ""Synk: Parallel Line"""
Aespa;Concierto;2025;Marzo;Alemania;Fráncfort del Meno;myticket Jahrhunderthalle;4800;"2nd Live Tour ""Synk: Parallel Line"""
Aespa;Concierto;2025;Marzo;España;Madrid;Movistar Arena;16522;"2nd Live Tour ""Synk: Parallel Line"""
Aespa;Concierto;2025;Marzo;Corea del Sur;Seúl;KSPO Dome;15000;"2nd Live Tour ""Synk: Parallel Line"""
Aespa;Concierto;2025;Marzo;Corea del Sur;Seúl;KSPO Dome;15000;"2nd Live Tour ""Synk: Parallel Line"""
ARTMS;Concierto;2025;Marzo;Corea del Sur;Seúl;Ewha Womans Univ. Samsung Hall;2800;Lunar Theory in Korea
ARTMS;Concierto;2025;Marzo;Corea del Sur;Seúl;Ewha Womans Univ. Samsung Hall;2800;Lunar Theory in Korea
ARTMS;Concierto;2025;Marzo;Estados Unidos;Chicago;Copernicus Center;1852;Lunar Theory in US
ARTMS;Concierto;2025;Marzo;Estados Unidos;Indianápolis;Egyptian Room;2000;Lunar Theory in US
ARTMS;Concierto;2025;Abril;Estados Unidos;Detroit;The Fillmore;1315;Lunar Theory in US
ARTMS;Concierto;2025;Abril;Estados Unidos;Nueva York;Town Hall;1500;Lunar Theory in US
ARTMS;Concierto;2025;Abril;Estados Unidos;Richmond;Dominion Energy Center;1800;Lunar Theory in US
ARTMS;Concierto;2025;Abril;Estados Unidos;San Petersburgo;Mahaffey Theater;2031;Lunar Theory in US
ARTMS;Concierto;2025;Abril;Estados Unidos;Houston;Bayou Music Center;3000;Lunar Theory in US
ARTMS;Concierto;2025;Abril;Estados Unidos;Los Ángeles;Wilshire Ebell Theatre;1270;Lunar Theory in US
ARTMS;Concierto;2025;Abril;Estados Unidos;San Francisco;Palace of Fine Arts;5000;Lunar Theory in US
ARTMS;Concierto;2025;Abril;Estados Unidos;Tacoma;Pantages Theatre;2703;Lunar Theory in US
ARTMS;Concierto;2025;Abril;Canadá;Vancouver;Vogue Theatre;1280;Lunar Theory in US
ARTMS;Concierto;2025;Mayo;Inglaterra;Londres;Troxy;3100;Lunar Theory in Europe
ARTMS;Concierto;2025;Mayo;Países Bajos;Eindhoven;Effenaar;1300;Lunar Theory in Europe
ARTMS;Concierto;2025;Mayo;Francia;París;ASalle Pleyel;2000;Lunar Theory in Europe
ARTMS;Concierto;2025;Mayo;Italia;Milán;Santeria Toscana;560;Lunar Theory in Europe
ARTMS;Concierto;2025;Mayo;Dinamarca;Copenhague;Amager Bio;1000;Lunar Theory in Europe
ARTMS;Concierto;2025;Mayo;Polonia ;Varsovia;Progresja;2000;Lunar Theory in Europe
