Column1;Column2;Column3;Column4;Column5;Column6
D.Q;디큐;JL Entercom;2012;Mujeres;4
Goddess;가디스;KW Entertainment;2012;Mujeres;4
LXIA;릭시아;2J Production;2012;Mujeres;4
Ne.P;엔이피;Naeum Entertainment;2012;Mujeres;4
Tinus;티너스;T&I Cultures;2012;Mujeres;4
D-UNIT;디유닛;D-Business Entertainment;2012 - 2013;Mujeres;4
E2RE;이투알이;CS Happy Entertainment;2012 - 2013;Mujeres;4
She'z;쉬즈;Line Entertainment;2012 - 2014;Mujeres;4
Tiny-G;타이니지;GNG Production;2012 - 2015;Mujeres;4
The SeeYa;더 씨야;MBK Entertainment;2012 - 2016;Mujeres;4
Crayon Pop;크레용팝;Chrome Entertainment;2012 - 2017;Mujeres;4
TWO X;투엑스;Star Gaze Entertainment;2012 - 2017;Mujeres;4
FlaShe;플래쉬;Play Music Entertainment;2012 - 2020;Mujeres;4
Odd Eye;오드아이;Fair Music;2013;Mujeres;4
T-ara N4[n 16]​;티아라 N4;Core Contents Media;2013;Mujeres;4
Purplay;퍼플레이;Purplei Entertainment;2013 - 2014;Mujeres;4
The Gloss;더 글로스;MGMC;2013 - 2014;Mujeres;4
K-Girls;케이걸즈;Beauty Korea;2013 - 2015;Mujeres;4
Heart Rabbit Girls;하트래빗걸스;Yoon Story Entertainment;2013 - 2016;Mujeres;4
AGirls;에이걸스;StarBay Entertainment;2013 - 2017;Mujeres;4
Bestie;베스티;YNB Entertainment;2013 - 2018;Mujeres;4
Wassup;와썹;Sony Music Korea Entertainment;2013 - 2019;Mujeres;4
Aila;아일라;Plane Entertainment;2014;Mujeres;4
Kiss&Cry;키스&크라이;Winning InSight;2014;Mujeres;4
1PS;원피스;Maroo Entertainment;2014 - 2015;Mujeres;4
4G;넷지;Heuk Ggo Entertainment;2014 - 2015;Mujeres;4
4L;포엘;Jade Contents Media;2014 - 2015;Mujeres;4
Bob Girls;단발머리;Chrome Entertainment;2014 - 2015;Mujeres;4
Pritz;프리츠;Pandagram;2014 - 2015;Mujeres;4
Scarlet;스칼렛;Funny Collection Entertainment;2014 - 2015;Mujeres;4
TOP.IC;타픽;HiCC Media;2014 - 2015;Mujeres;4
A-Fati;에이파티;CoolWave Entertainment;2014 - 2016;Mujeres;4
A.N.D.S;걸그룹 아는동생;CGM Entertainment;2014 - 2016;Mujeres;4
Girl Hood;소녀시절;SC Entertainment;2014 - 2016;Mujeres;4
N*White;앤화이트;J&J Entertainment;2014 - 2016;Mujeres;4
Rainbow Blaxx[n 13]​;레인보우 블랙;DSP Media;2014 - 2016;Mujeres;4
Spica.S[n 32]​;스피카.S;CJ E&M;2014 - 2017;Mujeres;4
Melody Day;멜로디데이;Kakao M;2014 - 2018;Mujeres;4
Hot Place (ex BADKIZ);핫플레이스;ZOO Entertainment;2014 - 2020;Mujeres;4
4TEN;포텐;Jungle Entertainment;2014 - presente;Mujeres;4
Mamamoo;마마무;Rainbow Bridge World;2014 - presente;Mujeres;4
4Some;포썸;Sugar Entertainment;2015 - 2016;Mujeres;4
A.H.H.A;아하;YellOCean;2015 - 2016;Mujeres;4
ACE;에이스;Worthy Entertainment;2015 - 2016;Mujeres;4
ASHA;아샤;NSoul Entertainment;2015 - 2016;Mujeres;4
Dia Girls;다이아걸스;Diamond One Entertainment;2015 - 2016;Mujeres;4
FIONA;피오나;Supreme Entertainment;2015 - 2016;Mujeres;4
LoveUs;러브어스;Creative Su Entertainment;2015 - 2016;Mujeres;4
HADY;하디;Kings Entertainment;2015 - 2017;Mujeres;4
The Starz;더스타즈;Shin Entertainment;2015 - 2017;Mujeres;4
Unicorn;유니콘;Cartoon Blue Company;2015 - 2017;Mujeres;4
Bambino;밤비노;JS Entertainment;2015 - 2018;Mujeres;4
Girls Girls;여자여자;H Brothers Entertainment;2015 - 2019;Mujeres;4
ICIA (ex SIDA);아이시어;DAM Entertainment;2015 - 2019;Mujeres;4
Laysha;레이샤;A1 Entertainment;2015 - presente;Mujeres;4
Hi.D;하이디;Heroes Factory;2016;Mujeres;4
Sugar Moon;슈가문;BIGBAND Entertainment;2016;Mujeres;4
Bloomy;블루미;DS Entertainment;2016 - 2017;Mujeres;4
DICE;주사위;BROS Entertainment;2016 - 2017;Mujeres;4
Fantastie;판타스티;In Entertainment;2016 - 2017;Mujeres;4
Heart;하트;KCENT Entertainment;2016 - 2017;Mujeres;4
I-Ren;아이렌;J Company Entertainment;2016 - 2017;Mujeres;4
Mercury;머큐리;Gaon Entertainment;2016 - 2017;Mujeres;4
New-A;뉴에이;New Code;2016 - 2017;Mujeres;4
Sol-T;솔티;Probeat Company;2016 - 2017;Mujeres;4
Various;베리어스;Cowl Entertainment;2016 - 2018;Mujeres;4
Matilda;마틸다;Box Media;2016 - 2019;Mujeres;4
Nine Muses A;나인뮤지스A;Star Empire Entertainment;2016 - 2019;Mujeres;4
Blackpink;블랙 핑크;YG Entertainment;2016 - presente;Mujeres;4
HeyMiss;헤이미스;OGAM Entertainment;2016 - presente;Mujeres;4
HIGHTEEN;하이틴;Elijah Entertainment;2016 - presente;Mujeres;4
MeiMei;메이메이;StarBay Entertainment;2017;Mujeres;4
Red Queen;레드퀸;Interactive Media Mix;2017;Mujeres;4
O My Jewel;오마주;Acoustic Company;2017 - 2018;Mujeres;4
U-HOO;유후;Vida Records;2017 - 2018;Mujeres;4
Unica;유니카;J-Mate Entertainment;2017 - 2018;Mujeres;4
S2U;에스투유;One Shot Entertainment;2017 - 2019;Mujeres;4
VIVA;비바;Shine E&M;2017 - 2019;Mujeres;4
Melody Pink (ex The Singing Girls);멜로디핑크;KD Entertainment;2017 - 2020;Mujeres;4
PRISM;프리즘;LCH Entertainment;2017 - 2021;Mujeres;4
S.I.S;에스아이에스;XX Entertainment;2017 - 2021;Mujeres;4
G-Reyish;그레이시;Elijah Entertainment;2017 - 2022;Mujeres;4
LOONA 1/3[n 50]​;이달의 소녀 삼분의 일;Blockberry Creative;2017 - 2023;Mujeres;4
Awesome;어썸;Midum Entertainment;2017 - presente;Mujeres;4
B.O.S.S.;보스;Good Frendz Entertainment;2017 - presente;Mujeres;4
Busters;버스터즈;JTG Entertainment;2017 - presente;Mujeres;4
Chic Angel;시크엔젤;LiZ Entertainment;2017 - presente;Mujeres;4
FanxyRed (ex Acrush);팬시레드;TOV Entertainment;2017 - presente;Mujeres;4
Rose Queen;로즈퀸;New Code Music;2017 - presente;Mujeres;4
ilips;아이립스;GBK Entertainment;2012;Mujeres;5
La TTE;;Star Cubic Entertainment;2012;Mujeres;5
P.O.P CON;;J&S Entertainment;2012;Mujeres;5
Ruby;루비;HY Entertainment;2012;Mujeres;5
High Lady;하이 레이디;S Contents Media;2012 - 2013;Mujeres;5
LAY.T;레이티;Baeksang Entertainment;2012 - 2013;Mujeres;5
PANDORA;판도라;TS Family Entertainment;2012 - 2013;Mujeres;5
S the One;;EC Ebenezer;2012 - 2013;Mujeres;5
Puretty (ex DSP Girls);퓨리티;DSP Media;2012 - 2014;Mujeres;5
SKarf;스카프;Alpha Entertainment;2012 - 2014;Mujeres;5
EvoL;이블;Stardom Entertainment;2012 - 2015;Mujeres;5
GLAM;글램;Big Hit Entertainment;2012 - 2015;Mujeres;5
Sunny Days;써니데이즈;Haeun Entertainment;2012 - 2016;Mujeres;5
Queen B'Z;퀸비즈;JS Entertainment;2012 - 2017;Mujeres;5
Spica;스피카;CJ E&M;2012 - 2017;Mujeres;5
Tahiti;타히티;Dream Star Entertainment;2012 - 2018;Mujeres;5
EXID;이엑스아이디;AB Entertainment;2012 - presente;Mujeres;5
Hey Girls (ex Black Queen);헤이걸스;Moai Entertainment;2012 - presente;Mujeres;5
Peach Girl;피치걸;JM STAR Entertainment;2013 - 2014;Mujeres;5
BP POP;비피팝;BP Story Entertainment;2013 - 2015;Mujeres;5
Delight;딜라잇;BrosMedia Entertainment;2013 - 2015;Mujeres;5
TINT;틴트;GH Entertainment;2013 - 2015;Mujeres;5
GI (Global Icon);글로벌 아이콘;Simtong Entertainment;2013 - 2016;Mujeres;5
TREN-D;트랜디;Asian Dream Entertainment;2013 - 2016;Mujeres;5
2EYES;투아이즈;Sidus HQ;2013 - 2017;Mujeres;5
AOA Black[n 25]​;에이오에이-블랙;FNC Entertainment;2013 - 2020;Mujeres;5
Alice White;엘리스 화이트;SMAF Production;2014 - 2015;Mujeres;5
Smile.G;스마일지;ShowWorks;2014 - 2015;Mujeres;5
Chaness[n 30]​;차니스;Aquagro Entertainment;2014 - 2016;Mujeres;5
A.KOR;에이코어;Doo Republic;2014 - 2017;Mujeres;5
D.HOLIC;디홀릭;Star Road Entertainment;2014 - 2017;Mujeres;5
WANNA.B;워너비;Zenith Media Contents;2014 - 2019;Mujeres;5
Berry Good;베리굿;JTG Entertainment;2014 - 2021;Mujeres;5
Laboum;라붐;NH Media;2014 - presente;Mujeres;5
Red Velvet;레드벨벳;S.M. Entertainment;2014 - presente;Mujeres;5
ZZBest;지지베스트;Faith Entertainment;2015;Mujeres;5
10X10;;Gaon Entertainment;2015 - 2016;Mujeres;5
Awe5ome Baby;어썸 베이비;TN Nation Entertainment;2015 - 2016;Mujeres;5
HEXE;헤쎄;Serenity Music;2015 - 2016;Mujeres;5
Honey Girls;허니걸스;LiZ Entertainment;2015 - 2016;Mujeres;5
The Ark;디아크;Music K Entertainment;2015 - 2016;Mujeres;5
UNIZ;유니즈;C2K Entertainment;2015 - 2016;Mujeres;5
Vividiva;비비디바;DN Entertainment;2015 - 2016;Mujeres;5
Hotties;핫티즈;Soleino Entertainment;2015 - 2017;Mujeres;5
Playback;플레이백;Coridel Entertainment;2015 - 2018;Mujeres;5
Episode (ex Vitamin Angel);에피소드;Pops Entertainment;"2015 - 2019; 2020 - presente";Mujeres;5
Sunny Girls;써니걸스;SBS Contents Hub;2016;Mujeres;5
A.Some;어썸;The Solution;2016 - 2017;Mujeres;5
D.el;디엘;R.A.C. Entertainment;2016 - 2017;Mujeres;5
Dorothy;도로시;Leek.Mill;2016 - 2017;Mujeres;5
I.B.I;아이비아이;LOEN Entertainment;2016 - 2017;Mujeres;5
MIXX;믹스;Chiko Bros Entertainment;2016 - 2017;Mujeres;5
Oh!Bliss;오블리스;JT Corea Entertainment;2016 - 2017;Mujeres;5
Ureka;유레카;HY Entertainment;2016 - 2017;Mujeres;5
Bulldok;불독;INNOK Entertainment;2016 - 2018;Mujeres;5
SUPA;슈파;GA Entertainment;2016 - 2018;Mujeres;5
Switch Berry[n 42]​;스위치 베리;DAM Entertainment;2016 - 2018;Mujeres;5
Holics;홀로그램;LPA Entertainment;2016 - 2021;Mujeres;5
H.U.B;허브;New Planet Entertainment;2016 - presente;Mujeres;5
Good Morning[n 48]​;좋은 아침;C9 Entertainment;2017;Mujeres;5
PIT A PAT;피터패트;PIT A PAT Entertainment;2017;Mujeres;5
1NB;원앤비;Tribus Entertainment;2017 - 2018;Mujeres;5
AMOR;아모르;Troy Entertainment;2017 - 2018;Mujeres;5
APPLE.B;애플비;GH Entertainment;2017 - 2018;Mujeres;5
P.O.P;피오피;DBW Entertainment;2017 - 2018;Mujeres;5
Marmello;마르멜로;Rolling CultureOne;2017 - 2019;Mujeres;5
Yellow Bee;옐로비;Addiction Entertainment;2017 - 2020;Mujeres;5
Blah Blah;블라블라;FAB Entertainment;2017 - presente;Mujeres;5
Girl's Alert;소녀주의보;Roots Entertainment;2017 - presente;Mujeres;5
HINT;힌트;Star Pro Entertainment;2017 - presente;Mujeres;5
Littles;리틀즈;Nega Network;2012;Mujeres;3
2winD;투윈드;;2012 - 2013;Mujeres;2
84LY;에잇폴리;ShowM;2012 - 2013;Mujeres;6
BBde Girl;비비드걸;BigStar Entertainment;2012 - 2013;Mujeres;6
BTSwing;비티스윙;101 Doors Entertainment;2012 - 2013;Mujeres;2
Jevice;주비스;DreamTea Entertainment;2012 - 2013;Mujeres;2
Gangkiz;갱키즈;MBK Entertainment;2012 - 2014;Mujeres;7
Rainbow Pixie[n 13]​;레인보우 픽시;DSP Media;2012 - 2016;Mujeres;3
Girls' Generation-TTS[n 14]​;소녀시대-태티서;S.M. Entertainment;2012 - 2017;Mujeres;3
Fiestar;피에스타;Kakao M;"2012 - 2018; 2024 - presente";Mujeres;6
15&;피프틴앤드;JYP Entertainment;2012 - 2019;Mujeres;2
Hello Venus;헬로비너스;Pledis Entertainment;2012 - 2019;Mujeres;6
Six Bomb;식스밤;Pace Maker Entertainment;"2012; 2015 - 2021";Mujeres;3
AOA;에이오에이;FNC Entertainment;2012 - 2024;Mujeres;8
Peernine;피어나인;Escrow Entertainment;2013;Mujeres;3
M&N[n 18]​;아이렉스;S.M. Entertainment;2013 - 2014;Mujeres;2
Duo Flo;듀오플로;Independiente;2013 - 2015;Mujeres;2
2Yoon[n 21]​;투윤;Cube Entertainment;2013 - 2016;Mujeres;2
BOM & HI[n 22]​;BH;YG Entertainment;2013 - 2016;Mujeres;2
T-ara QBS[n 16]​;;;2013 - 2017;Mujeres;3
The Lush;러쉬;Oscar Entertainment;2013 - 2017;Mujeres;3
Ladies' Code;레이디스 코드;Polaris Entertainment;2013 - 2020;Mujeres;3
Live High;라이브 하이;Red Creative Company;2013 - presente;Mujeres;3
Pascol;파스칼;TipTop Entertainment;2013 - presente;Mujeres;2
Solji & Hani[n 27]​;솔지하니;Banana Culture;2013 - presente;Mujeres;2
A.I.N;애인;StarCommerce Entertainment;2014;Mujeres;7
Billion;빌리언;Move Entertainment;2014;Mujeres;6
Luluz;루루즈;Zenith Media Contents;2014 - 2015;Mujeres;3
Sunny Days Real Vocal[n 29]​;써니데이즈 리얼보컬;Haeun Entertainment;2014 - 2015;Mujeres;3
M.O.A;모아;Professional Entertainment;2014 - 2015;Mujeres;7
Ye-A;예아;SHINHOO Entertainment;2014 - 2015;Mujeres;8
Bebop;비밥;HMI Entertainment;2014 - 2016;Mujeres;3
Fresh Girls;풋풋;Chungchun Music;2014 - 2016;Mujeres;2
Purfles;퍼펄즈;Crescendo Music;2014 - 2016;Mujeres;3
Vetty-L;베티엘;Han Entertainment;2014 - 2016;Mujeres;3
Lip Service;립서비스;Chorok Entertainment;2014 - 2017;Mujeres;3
Wings;윙스;Sony Music Korea Entertainment;2014 - 2017;Mujeres;2
KIWI Band M;키위밴드 엠;Star Road Entertainment;2014 - 2018;Mujeres;3
Switch;스위치;DAM Entertainment;2014 - 2018;Mujeres;8
Year 7 Class 1;칠학년일반;Dareun Byeol Entertainment;2014 - 2018;Mujeres;7
Lovelyz;러블리즈;Woollim Entertainment;2014 - 2021;Mujeres;8
Sonamoo;소나무;TS Entertainment;2014 - 2021;Mujeres;7
Date;데이트;Loco Music;2014 - presente;Mujeres;2
Dreamcatcher;드림캐쳐;Dreamcatcher Company;2014 - presente;Mujeres;7
Hi Suhyun;하이 수현;YG Entertainment;2014 - presente;Mujeres;2
Pink BnN[n 33]​;에이핑크;Kakao M;2014 - presente;Mujeres;2
Pungdeng-E;풍뎅이;DOMA Entertainment;2014 - presente;Mujeres;3
Smile Girls;스마일 걸즈;Starhaus Entertainment;2015;Mujeres;2
Verry;베리;StoneShip Entertainment;2015;Mujeres;2
A Plus;에이플러스;Owl Entertainment;2015 - 2016;Mujeres;3
MyB;마이비;Maroo Entertainment;2015 - 2016;Mujeres;6
The Shorties;짜리몽땅;CS Entertainment;2015 - 2016;Mujeres;3
A.KOR BLACK[n 38]​;에이코어 블랙;Doo Republic;2015 - 2017;Mujeres;2
H2L (ex SUS4);에이치투엘;Regolith Entertainment;2015 - 2017;Mujeres;3
Queendom (Sixth Sense);퀸덤;ANJ Entertainment;2015 - 2017;Mujeres;3
Cupid;규피트;Narda Entertainment;2015 - 2019;Mujeres;7
LIME;라임;V&K Entertainment;2015 - 2019;Mujeres;3
Baby Boo;베이비부;Hyunda Entertainment;2015 - 2020;Mujeres;3
GFriend;여자친구;Source Music;2015 - 2021;Mujeres;6
April;에이프릴;DSP Media;2015 - 2022;Mujeres;6
CLC;씨엘씨;Cube Entertainment;2015 - 2022;Mujeres;7
DIA;다이아;MBK Entertainment;2015 - 2022;Mujeres;10
Oh My Girl;오마이걸;WM Entertainment;2015 - presente;Mujeres;7
PPL;피피엘;Parksal Entertainment;2015 - presente;Mujeres;6
Rubber Soul;러버소울;Universal Music;2015 - presente;Mujeres;2
Twice;트와이스;JYP Entertainment;2015 - presente;Mujeres;9
Daydream;데이드림;Voice Level;2016;Mujeres;3
Double B;더블비;In Entertainment;2016;Mujeres;2
Red Sun;레드썬;Invictus Music;2016;Mujeres;2
A.De;에이디이;2ABLE Company;2016 - 2017;Mujeres;6
I.O.I;아이오아이;YMC Entertainment;2016 - 2017;Mujeres;11
O21 (O To One);;Houxiu TV;2016 - 2017;Mujeres;6
Bling;블링;PS Creative;2016 - 2018;Mujeres;6
J-Young;제이영;Softventures Inc.;2016 - 2018;Mujeres;2
Real Girls Project;리얼걸프로젝트;Interactive Media Mix;2016 - 2018;Mujeres;10
CocoSori;코코 소리;Mole Entertainment;2016 - 2019;Mujeres;2
OAHSIS;오아시스;YAMA & HOTCHICKS;2016 - 2019;Mujeres;7
U-US;유어스;Erum Entertainment;2016 - 2019;Mujeres;3
Gugudan;구구단;Jellyfish Entertainment;2016 - 2020;Mujeres;8
LOONA;이달의 소녀;Blockberry Creative;2016 - 2023;Mujeres;12
Momoland;모모랜드;MLD Entertainment;2016 - 2023;Mujeres;9
AOA Cream[n 25]​;에이오에이 크림;FNC Entertainment;2016 - presente;Mujeres;3
Bolbbalgan4;볼빨간 사춘기;Shofar Music;2016 - presente;Mujeres;2
Cosmic Girls (WJSN);우주소녀;Starship Entertainment;2016 - presente;Mujeres;13
L.U.B[n 44]​;루비;MBK Entertainment;2016 - presente;Mujeres;2
MOXIE;막시;Urban Entertainment;2016 - presente;Mujeres;2
Cashcoma;캐시코마;ThisIs Media;2017;Mujeres;2
Girls Next Door[n 47]​;옆집소녀;Il Entertainment;2017;Mujeres;7
S.E.T;에스이티;Hoonstar Entertainment;2017;Mujeres;3
S2;에스투;Climix Entertainment;2017 - 2018;Mujeres;6
Sunny Play;써니플레이;Two-H Company;2017 - 2018;Mujeres;9
Good Day;원포유;C9 Entertainment;2017 - 2019;Mujeres;10
LipBubble;립버블;Zenith Media Contents;2017 - 2019;Mujeres;7
Midnight[n 48]​;미드나잇;C9 Entertainment;2017 - 2019;Mujeres;3
Pristin;프리스틴;Pledis Entertainment;2017 - 2019;Mujeres;10
SHA SHA;샤샤;Major Entertainment;2017 - 2019;Mujeres;6
Bonus Baby;보너스베이비;Maroo Entertainment;2017 - 2020;Mujeres;6
Limesoda;라임소다;DMaker Entertainment;2017 - 2020;Mujeres;3
ABRY;에이브리;Weed HS;2017 - presente;Mujeres;3
Alice;엘리스;Hunus Entertainment;2017 - 2024;Mujeres;7
Favorite;페이버릿;Astory Entertainment;2017 - presente;Mujeres;6
Good Night[n 48]​;안녕히 주무세요;C9 Entertainment;2017 - presente;Mujeres;2
HASHTAG;해시태그;Luk Factory;2017 - presente;Mujeres;7
LOONA Odd Eye Circle[n 50]​;이달의 소녀 오드아이써클;MODHAUS;2017 - presente;Mujeres;3
Soda Bomb[n 53]​;소다밤;Pace Maker Entertainment;2017 - presente;Mujeres;2
Weki Meki;위키미키;Fantagio Entertainment;2017 - presente;Mujeres;8
BOB4;;In Entertainment;2012;Hombres;4
Mr.Slam;미스터슬램;Kkun Entertainment;2012;Hombres;5
4 Heaven;포헤븐;Bridge Entertainment;2012 - 2013;Hombres;4
Attack;;A Entertainment;2012 - 2013;Hombres;5
CHAOS;카오스;Winning InSight;2012 - 2013;Hombres;5
K-Boys;케이보이즈;NSB Korea Entertainment;2012 - 2013;Hombres;5
7.9.4.2;칠구사이;Contents Storage Company;2012 - 2014;Hombres;5
E7;이세븐;Excellent Entertainment;2012 - 2014;Hombres;7
EXO-K[n 12]​;엑소-K;S.M. Entertainment;2012 - 2014;Hombres;6
EXO-M[n 12]​;엑소-M;S.M. Entertainment;2012 - 2014;Hombres;6
F.I.X;픽스;The Groove Entertainment;2012 - 2014;Hombres;3
Wonder Boyz;원더보이즈;ENT102;2012 - 2014;Hombres;4
A-Prince;에이프린스;New Planet Entertainment;2012 - 2015;Hombres;5
Airplane;에어플레인;Winning InSight;2012 - 2015;Hombres;3
C-Clown;씨클라운;Sony Music Korea Entertainment;2012 - 2015;Hombres;6
New-Us;뉴어스;Star Cubic Entertainment;2012 - 2015;Hombres;4
SPEED[n 8]​;스피드;MBK Entertainment;2012 - 2015;Hombres;6
Excite;익사이트;150 Entertainment;2012 - 2016;Hombres;4
Lunafly;루나플라이;Nega Network;2012 - 2017;Hombres;3
S.M. The Performance;SM 성능;S.M. Entertainment;2012 - 2017;Hombres;8
Offroad;오프로드;SHow Entertainment;2012 - 2018;Hombres;5
A-JAX;에이젝스;DSP Media;2012 - 2019;Hombres;7
B.A.P;비에이피;TS Entertainment;2012 - 2019;Hombres;6
BIGSTAR;빅스타;Brave Entertainment;2012 - 2019;Hombres;5
100%;백퍼센트;TOP Media;2012 - 2021;Hombres;7
NU'EST;뉴이스트;Pledis Entertainment;2012 - 2022;Hombres;5
24K;투포케이;Choeun Entertainment;2012 - presente;Hombres;5
2BiC;투빅;Nextar Entertainment;2012 - presente;Hombres;2
4K[n 15]​;포케이;Choeun Entertainment;2012 - presente;Hombres;3
A.cian;에이션;Wings Entertainment;2012 - presente;Hombres;4
BtoB;비투비;Cube Entertainment;2012 - presente;Hombres;7
Cross Gene;크로스진;Amuse Korea Inc.;2012 - presente;Hombres;4
G.IAM;지아이엠;Red Apple Entertainment;"2012 - 2014; 2018 - presente";Hombres;4
Hanch Brothers (ex TASTY);Hanch兄弟;Xiong Wei Entertainment;2012 - presente;Hombres;2
JJ Project;제이제이 프로젝트;JYP Entertainment;2012 - presente;Hombres;2
M-Tiful;엠티플;LOEN Entertainment;2012 - presente;Hombres;2
Mr.Mr;미스터미스터;E-HO Entertainment;2012 - presente;Hombres;5
TimeZ;타임즈;SuperJet Entertainment;2012 - presente;Hombres;6
Toxic;톡식 밴드;TNC Company;2012 - presente;Hombres;2
VIXX;빅스;Jellyfish Entertainment;2012 - presente;Hombres;6
B.O.i;비오아이;M.fel Entertainment;2013;Hombres;5
CollaVoice;콜라보이스;GF Entertainment;2013;Hombres;4
ESQ;이에스큐;Avance Entertainment;2013;Hombres;5
Got2B;;SW Entertainment;2013;Hombres;4
Iconize;아이콘아이즈;Nekki Entertainment;2013;Hombres;5
Jackpot;잭팟;TS Entertainment;2013;Hombres;9
Jungukgu;전국구;Cube Entertainment;2013;Hombres;4
MAIN;;Wave On Entertainment;2013;Hombres;
Never Mind;네버마인드;Toeast Music;2013;Hombres;4
PURE;퓨어;Pure Entertainment;2013;Hombres;5
Victor;빅터;On Spot Entertainment Korea;2013;Hombres;5
ZE:A FIVE[n 17]​;제아파이브;Star Empire Entertainment;2013;Hombres;5
ZE:A 4U[n 17]​;제아파이브;Star Empire Entertainment;2013;Hombres;4
DEMION;데미온;Lions Bridge Entertainment;2013 - 2014;Hombres;5
I-REX;아이렉스;Tarzan Entertainment;2013 - 2014;Hombres;5
Notice;노티스;Gaon Entertainment;2013 - 2014;Hombres;6
NU'EST-M[n 19]​;뉴이스트 M;Pledis Entertainment;2013 - 2014;Hombres;6
Champs;n/a;JS Entertainment;2013 - 2015;Hombres;5
LC9;엘씨나인;Nega Network;2013 - 2015;Hombres;6
M4M;엠포엠;Cube Entertainment;2013 - 2015;Hombres;4
M.I.K;무브인키;Global Artist Entertainment;2013 - 2015;Hombres;4
M.Pire;엠파이어;Luce Entertainment;2013 - 2015;Hombres;7
Pro C[n 20]​;프로씨;GNI Entertainment;2013 - 2015;Hombres;2
J2M;제이투엠;TU Entertainment;2013 - 2016;Hombres;2
NOM;엔오엠;JM STAR Entertainment;2013 - 2016;Hombres;5
Infinite H[n 23]​;인피니트H;Woollim Entertainment;2013 - 2017;Hombres;2
HISTORY;히스토리;LOEN Entertainment;2013 - 2017;Hombres;5
Say Yes;세이 예스;Music Factory Entertainment;2013 - 2017;Hombres;5
Underdog;언더독;2ABLE Company;2013 - 2017;Hombres;5
Boys Republic;소년공화국;Happy Tribe Entertainment;2013 - 2018;Hombres;5
uBEAT[n 24]​;;NH Media;2013 - 2019;Hombres;3
100% V[n 26]​;백퍼센트 V;TOP Media;2013 - 2021;Hombres;4
Xeno-T (ex Topp Dogg);탑독;Hunus Entertainment;2013 - 2021;Hombres;5
AlphaBAT;알파벳;Simtong Entertainment;2013 - presente;Hombres;5
BTS;방탄소년단;Big Hit Music;2013 - presente;Hombres;7
Egobomb;더 이고밤;Sniper Sound;2013 - presente;Hombres;2
GB9 (Gilgu Bonggu);길구봉구;The Music Works;2013 - presente;Hombres;2
Honey G;허니지;Chungchun Music;2013 - presente;Hombres;3
N.Flying;엔플라잉;FNC Entertainment;2013 - presente;Hombres;5
N.O.M (Nature of Man);엔오엠;BROS Entertainment;2013 - presente;Hombres;2
A.T.O;아토;CON Entertainment;2014;Hombres;4
Herycle;헤리클;Gul Dduk Entertainment;2014;Hombres;5
Penta-G;펜타지;Mirrorball Music;2014;Hombres;5
Toheart;투하트;Woollim Entertainment;2014;Hombres;2
X10;엑스텐;Happy Star Entertainment;2014;Hombres;2
Billionaire;빌리어네어;Independiente;2014 - 2015;Hombres;2
BLAST;블래스트;Kings Entertainment;2014 - 2015;Hombres;5
BTL;비티엘;SHINHOO Entertainment;2014 - 2015;Hombres;8
FameUs;페임어스;KN Media;2014 - 2015;Hombres;6
M.I.7;;D-Business Entertainment;2014 - 2015;Hombres;7
Ugly Pumpkin;어글리펌킨;GF Entertainment;2014 - 2015;Hombres;3
Atomic Kiz;아토믹키즈;Leaders Contents Company;2014 - 2016;Hombres;5
HeartB;하트비;Marblepop Entertainment;2014 - 2016;Hombres;4
JACE;제이스;Right Achievement Group;2014 - 2016;Hombres;2
Welldone Potato;웰던포테이토;Banana Culture;2014 - 2016;Hombres;4
ZEST;제스트;Zenith Media Contents;2014 - 2016;Hombres;5
ZPZG;지피지기;JStar Entertainment;2014 - 2016;Hombres;4
AA[n 31]​;에이에이;SHow Entertainment;2014 - 2017;Hombres;2
HIGH4;하이포;N.A.P. Entertainment;2014 - 2017;Hombres;4
Madtown;매드타운;GNI Entertainment;2014 - 2017;Hombres;7
Nutaz;누타즈;MBK Entertainment;2014 - 2017;Hombres;2
The Legend;전설;SS Entertainment;2014 - 2017;Hombres;5
Be.A (ex K-MUCH);비에이;Chrome Entertainment;2014 - 2018;Hombres;5
BEAT WIN;비트 윈;Heavenly Star Content;2014 - 2018;Hombres;5
PUREBOY;순정소년;It Entertainment;2014 - 2018;Hombres;9
HALO;헤일로;Histar Entertainment;2014 - 2019;Hombres;6
5URPRISE;서프라이즈;Fantagio Entertainment;2014 - 2020;Hombres;5
Hotshot;핫샷;Star Crew Entertainment;2014 - 2021;Hombres;6
2000WON;이천원;Reve Entertainment;2014 - presente;Hombres;2
B.I.G;비아이지;GH Entertainment;2014 - presente;Hombres;6
Beat Burger;비트버거;S.M. Entertainment;2014 - presente;Hombres;5
BigFlo;빅플로;HO Company;2014 - presente;Hombres;5
GOT7;갓세븐;JYP Entertainment;2014 - presente;Hombres;7
Hyukoh;혁오;YG Entertainment;2014 - presente;Hombres;4
Infinite F[n 23]​;인피니트 F;Woollim Entertainment;2014 - presente;Hombres;3
JJCC;더블제이씨;Jackie Chan Group Korea;2014 - presente;Hombres;5
LU:KUS (ex L.A.U);루커스;JWK Entertainment;2014 - presente;Hombres;4
Rion Five;리온파이브;Narda Entertainment;2014 - presente;Hombres;6
The King;더킹;Stallion Entertainment;2014 - presente;Hombres;5
TROY;트로이;Brand New Music;2014 - presente;Hombres;4
Uniq;유니크;Yuehua Entertainment;2014 - presente;Hombres;5
Winner;위너;YG Entertainment;2014 - presente;Hombres;4
1PUNCH;원펀치;Brave Entertainment;2015;Hombres;2
IN4MAL;인포머;AllBlack Entertainment;2015;Hombres;5
OneVoices;원보이시스;HaK Entertainment;2015;Hombres;2
ZEST-Z[n 35]​;제스트-Z;Zenith Media Contents;2015;Hombres;3
A6P;에이식스피;DS Entertainment;2015 - 2016;Hombres;6
AOORA & HOIK[n 36]​;아우라&호익;Blue Star Entertainment;2015 - 2016;Hombres;2
Dongnae Oppa;동네 오빠;Mac Agencia;2015 - 2016;Hombres;6
Hidden;히든;Yanus Music;2015 - 2016;Hombres;5
HIGHBROW;하이브로우;MBK Entertainment;2015 - 2016;Hombres;2
Lose Control;루즈컨트롤;Haeun Entertainment;2015 - 2016;Hombres;6
NPI;엔피아이;New Planet Entertainment;2015 - 2016;Hombres;6
P.L.O;피.엘.오;Butterfly Entertainment;2015 - 2016;Hombres;6
PURE-L[n 37]​;순정L;It Entertainment;2015 - 2016;Hombres;6
Trophy;트로피;FM Entertainment;2015 - 2016;Hombres;5
ZE:A J[n 17]​;제국의아이들 A-J;Star Empire Entertainment;2015 - 2016;Hombres;3
ALL-STAR;올스타;BurnHard Entertainment;2015 - 2017;Hombres;5
Double Eight;더블 에이트;HY Entertainment;2015 - 2017;Hombres;5
VX;브이엑스;JJ Entertainment;2015 - 2017;Hombres;5
Snuper;스누퍼;Widmay Entertainment;2015 - 2023;Hombres;6
VIXX LR[n 39]​;빅스 LR;Jellyfish Entertainment;2015 - 2023;Hombres;2
BASTARZ[n 40]​;바스타즈;KQ Entertainment;2015 - presente;Hombres;3
Big Brain;빅브레인;Major9 Entertainment;2015 - presente;Hombres;4
Day6;데이식스;JYP Entertainment;2015 - presente;Hombres;5
IKON;아이콘;YG Entertainment;2015 - presente;Hombres;6
M.A.P6;엠에이피식스;All-S Entertainment;2015 - presente;Hombres;6
Monsta X;몬스타엑스;Starship Entertainment;2015 - presente;Hombres;7
Romeo;로미오;Hunus Entertainment;2015 - presente;Hombres;7
Seventeen;세븐틴;Pledis Entertainment;2015 - presente;Hombres;13
UP10TION;업텐션;TOP Media;2015 - presente;Hombres;10
VAV;브이에이브이;A Team Entertainment;2015 - presente;Hombres;7
Xst;엑스트;Midas Entertainment;2015 - presente;Hombres;5
HIGH4 20[n 41]​;하이포 20;N.A.P. Entertainment;2016;Hombres;2
INX;인엑스;NA Entertainment;2016 - 2017;Hombres;5
Z:ON;지온;J Star Entertainment;2016 - 2017;Hombres;2
TheEastLight.;더 이스트라이트;MediaLine Entertainment;2016 - 2018;Hombres;6
MASC;마스크;J Planet Entertainment;2016 - 2020;Hombres;4
Voisper;보이스퍼;Evermore Music;2016 - 2021;Hombres;4
Astro;아스트로;Fantagio Entertainment;2016 - presente;Hombres;6
BINBLOW;빈블로우;Music&New;2016 - presente;Hombres;2
Boys Generally Asian (BgA);또한;Wong Fu Productions;2016 - presente;Hombres;5
BtoB-Blue[n 43]​;비투비-블루;Cube Entertainment;2016 - presente;Hombres;4
EXO-CBX[n 12]​;엑소-첸백시;S.M. Entertainment;2016 - presente;Hombres;3
High Tension;높은장력;Independiente;2016 - presente;Hombres;2
Imfact;임팩트;Star Empire Entertainment;2016 - presente;Hombres;5
KNK;크나큰;220 Entertainment;2016 - presente;Hombres;5
LST;엘에스티;OGAM Entertainment;2016 - presente;Hombres;7
New Town Boyz;뉴타우보이즈;Independiente;2016 - presente;Hombres;4
NCT U[n 45]​;엔시티 U;S.M. Entertainment;2016 - presente;Hombres;23
NCT 127[n 45]​;엔시티 127;S.M. Entertainment;2016 - presente;Hombres;9
NCT Dream[n 45]​;엔시티 Dream;S.M. Entertainment;2016 - presente;Hombres;7
Pentagon;펜타곤;Cube Entertainment;2016 - presente;Hombres;9
SF9;에스에프나인;FNC Entertainment;2016 - presente;Hombres;9
SS301[n 46]​;SS301;CI Entertainment;2016 - presente;Hombres;3
VICTON;빅톤;IST Entertainment;2016 - presente;Hombres;7
Vromance;브로맨스;Rainbow Bridge World;2016 - presente;Hombres;4
B.I.T (Burning Time);비아이티;SD Entertainment;2017;Hombres;5
Elvin Crew;엘빈 크루;HiCC;2017;Hombres;5
Unit Black;유닛 블랙;CJ E&M;2017;Hombres;8
3RACHA[n 49]​;쓰리라차;JYP Entertainment;2017 - 2018;Hombres;3
B.HEART;비하트;Poong Entertainment;2017 - 2018;Hombres;4
B:SKIT;비스킷;G-Creative;2017 - 2018;Hombres;4
BLK;비엘케이;BYKING Entertainment;2017 - 2018;Hombres;6
JBJ;제이비제이;LOEN Entertainment;2017 - 2018;Hombres;6
Longguo & Shihyun;용국&시현;Choon Entertainment;2017 - 2018;Hombres;2
NU'EST-W[n 19]​;뉴이스트 W;Pledis Entertainment;2017 - 2018;Hombres;4
Rainz;레인즈;KISS Entertainment;2017 - 2018;Hombres;7
Vermuda;버뮤다;Pace Maker Entertainment;2017 - 2018;Hombres;5
14U;원포유;BG Entertainment;2017 - 2019;Hombres;14
BAIKAL;바이칼;Baikal Entertainment;2017 - 2019;Hombres;7
BLANC7;블랑세븐;Jackpot Entertainment;2017 - 2019;Hombres;7
Honeyst;허니스트;FNC Entertainment;2017 - 2019;Hombres;4
Myteen;마이틴;The Music Works;2017 - 2019;Hombres;7
Varsity;바시티;Eccle Entertainment;2017 - 2019;Hombres;6
Wanna One;워너원;Swing Entertainment;2017 - 2019;Hombres;11
H.B.Y;열혈남아;Rainbow Entertainment;2017 - 2020;Hombres;4
BLACK6IX;블랙식스;Black Hole Entertainment;2017 - 2021;Hombres;6
Seven O'clock;세븐어클락;Forest Network;2017 - 2021;Hombres;7
MVP;엠브이피;PH Entertainment;2017 - 2022;Hombres;7
TRCNG;티알씨엔지;TS Entertainment;2017 - 2022;Hombres;8
A.C.E;에이스;Beat Interactive;2017 - presente;Hombres;5
Class Mate;동급생은;HF Music Company;2017 - presente;Hombres;3
EXP EDITION;이엑스피 에디션;IMMAB Entertainment;2017 - presente;Hombres;4
Golden Child;골든 차일드;Woollim Entertainment;2017 - presente;Hombres;10
Great Guys;멋진녀석들;DNA Entertainment;2017 - presente;Hombres;9
IM[n 51]​;아이엠;MBK Entertainment;2017 - presente;Hombres;4
IN2IT;인투잇;MMO Entertainment;2017 - presente;Hombres;6
IZ;아이즈;Music K Entertainment;2017 - presente;Hombres;4
M.O.N.T;몬트;Fly Music Entertainment;2017 - presente;Hombres;3
MXM[n 52]​;엠엑스엠;Brand New Music;2017 - presente;Hombres;2
ONF;온앤오프;WM Entertainment;2017 - presente;Hombres;6
Paradise;파라다이스;HL Company;2017 - presente;Hombres;4
The Boyz;더보이즈;IST Entertainment;2017 - presente;Hombres;11
Trophy Cat;트로피캣;Billion DC;2017 - presente;Hombres;2
TST;일급비밀;JM STAR Entertainment;2017 - presente;Hombres;5
Varsity-V[n 54]​;;Eccle Entertainment;2017 - presente;Hombres;5
X Hearts[n 55]​;크로스하츠;Amuse Korea Inc.;2017 - presente;Hombres;3
Nombre;Nombre Hangul;Compañía;Período;Género;Miembros
2012;2012;2012;2012;2012;2012
Younique Unit;유니크 유닛;S.M. Entertainment;2012;Mixto;4H - 1M
Akdong Musician;악동뮤지션;YG Entertainment;2012 - presente;Mixto;1H - 1M
2013;2013;2013;2013;2013;2013
Brit;브릿;Nextar Entertainment;2013;;
2014;2014;2014;2014;2014;2014
NASTY NASTY[n 28]​;네스티네스티;Star Empire Entertainment;2014;Mixto;1H - 2M
Lapis Lazuli;라피스라줄리;TK Entertainment;2014 - 2015;Mixto;2H - 1M
Almeng;알맹;Majesty Entertainment;2014 - presente;Mixto;1H - 1M
2015;2015;2015;2015;2015;2015
Jimin N J.Don[n 34]​;지민 엔 제이던;FNC Entertainment;2015;Mixto;1H - 1M
2016;2016;2016;2016;2016;2016
Triple T;트리플 T;S.M. Ent. y JYP Ent.;2016;Mixto;1H - 2M
DIP MX;디아이피;Inter BD Entertainment;2016 - presente;Mixto;2H - 1M
Kard;카드;DSP Media;2016 - presente;Mixto;2H - 2M
2017;2017;2017;2017;2017;2017
Triple H;트리플 H;Cube Entertainment;2017 - 2018;Mixto;2H - 1M
