GEN;GRUPO;EMPRESA ;AÑOS;AÑO_DEBUT;AÑO_ FIN;DURACIÓN;GENERO;N_MIEMBROS;CHILE_(SI/NO)
Generación 1;Hyun Jin-young & Wawa;S.M. Entertainment;1990;1990;1990;1;Hombres;3;0
Generación 1;Yacha;;1990;1990;1990;1;Hombres;5;0
Generación 1;Light and Salt;;"1990 - 1999; 2018";1990;2018;28;Hombres;3;0
Generación 1;ZAM;DSP Media;1992 - 1995;1992;1995;3;Mixto;4H - 1M;0
Generación 1;Seo Taiji and Boys;Bando Eumban;1992 - 1996;1992;1996;4;Hombres;3;0
Generación 1;Deux;K&C Music;1993 - 1995;1993;1995;2;Hombres;2;0
Generación 1;Tin Tin Five;S.M. Entertainment;"1993 - 2005; 2010";1993;2010;17;Hombres;5;0
Generación 1;Two Two;Oasis;1994 - 1996;1994;1996;2;Mixto;3H - 1M;0
Generación 1;MUE;DSP Media;1994 - 1999;1994;1999;5;Mixto;4H - 1M;0
Generación 1;Roo'ra;World Music Entertainment;"1994 - 2001; 2009";1994;2009;15;Mixto;2H - 2M;0
Generación 1;Cool;Genie Music;1994 - 2015;1994;2015;21;Mixto;2H - 1M;0
Generación 1;DJ Doc;ENT102;1994 - 2025;1994;2025;31;Hombres;3;0
Generación 1;Idol;DSP Media;1995 - 1997;1995;1997;2;Hombres;2;0
Generación 1;R.ef;;"1995 - 1999; 2004";1995;2004;9;Hombres;3;0
Generación 1;Turbo;The Turbo Company;"1995 - 2001; 2015 - 2025";1995;2015;20;Hombres;3;0
Generación 1;Young Turks Club;;1996 - 2012;1996;2012;16;Mixto;3H - 2M;0
Generación 1;Uptown;RIAK;"1996 - 2000; 2006 - 2010";1996;2010;14;Mixto;3H - 1M;0
Generación 1;Goofy;;1996 - 2025;1996;2025;29;Hombres;3;0
Generación 1;H.O.T.;S.M. Entertainment;"1996 - 2001; 2018 - 2025";1996;2025;29;Hombres;5;0
Generación 1;Diva;Cream Records;1997 - 2005;1997;2005;8;Mujeres;4;0
Generación 1;Baby V.O.X;DR Music;1997 - 2006;1997;2006;9;Mujeres;9;0
Generación 1;S.E.S.;S.M. Entertainment;"1997 - 2002; 2016 - 2017";1997;2017;20;Mujeres;3;0
Generación 1;NRG;Music Factory Entertainment;"1997 - 2005; 2017 - 2018";1997;2018;19;Hombres;3;0
Generación 1;Eve;WoonJin Music;1997 - 2025;1997;2025;28;Hombres;4;0
Generación 1;Jinusean;YG Entertainment;1997 - 2025;1997;2025;28;Hombres;2;0
Generación 1;Sechs Kies;YG Entertainment;"1997 - 2000; 2016 - 2025";1997;2016;28;Hombres;6;0
Generación 1;O-24;Eunsung Entertainment;1998 - 2002;1998;2002;4;Mujeres;3;0
Generación 1;Sharp;World Music Entertainment;1998 - 2002;1998;2002;4;Mixto;2H - 2M;0
Generación 1;CB Mass;Stone Music Entertainment;1998 - 2003;1998;2003;5;Hombres;3;0
Generación 1;Fin.K.L;DSP Media;1998 - 2005;1998;2005;7;Mujeres;4;0
Generación 1;1TYM;YG Entertainment;1998 - 2006;1998;2006;8;Hombres;4;0
Generación 1;Han's Band;;1998 - 2008;1998;2008;10;Mujeres;3;0
Generación 1;4men;MAJOR9;1998 - 2019;1998;2019;21;Hombres;2;0
Generación 1;Koyote;Trifecta Entertainment;1998 - 2025;1998;2025;27;Mixto;2H - 1M;0
Generación 1;Shinhwa;S.M. Entertainment;1998 - 2025;1998;2025;27;Hombres;6;0
Generación 1;Y2K;;1999 - 2002;1999;2002;3;Hombres;3;0
Generación 1;T.T.Ma;Music Factory Entertainment;1999 - 2005;1999;2005;6;Mujeres;5;0
Generación 1;Cleo;Doremi;1999 - 2005;1999;2005;6;Mujeres;3;0
Generación 1;Chakra;Cream Records;1999 - 2006;1999;2006;7;Mujeres;5;0
Generación 1;Click-B;DSP Media;"1999 - 2006; 2011 - 2015";1999;2016;16;Hombres;7;0
Generación 1;As One;Rock Records;1999 - 2017;1999;2017;18;Mujeres;2;0
Generación 1;Bulldog Mansion;Tube Amp Music;1999 - 2025;1999;2025;26;Hombres;4;0
Generación 1;G.o.d.;JYP Entertainment;1999 - 2025;1999;2025;26;Hombres;5;0
Generación 1;Fly to the Sky;S.M. Entertainment;1999 - 2025;1999;2025;26;Hombres;2;0
Generación 1;Papaya;Cream Entertainment;2000 - 2001;2000;2001;1;Mujeres;5;0
Generación 1;UN;NH Media;2000 - 2005;2000;2005;5;Hombres;2;0
Generación 1;5tion;IV Entertainment;"2000 - 2006; 2010 - 2025";2000;2025;25;Hombres;5;0
Generación 1;AL;Mascom Company;2001 - 2002;2001;2002;1;Mujeres;4;0
Generación 1;Kiss;J-Entercom;2001 - 2002;2001;2002;1;Mujeres;3;0
Generación 1;Shinvi;Cid.K Entertainment;2001 - 2002;2001;2002;1;Mujeres;3;0
Generación 1;jtl;Yejeon Media;2001 - 2003;2001;2003;2;Hombres;3;0
Generación 1;M.I.L.K.;BM Entertainment;2001 - 2003;2001;2003;2;Mujeres;4;0
Generación 1;Nazca;;2001 - 2004;2001;2004;3;Mujeres;6;0
Generación 1;Sugar;S.M. Entertainment;2001 - 2006;2001;2006;5;Mujeres;4;0
Generación 1;The Jadu;The House Company Entertainment;2001 - 2008;2001;2008;7;Mixto;1H - 1M;0
Generación 1;Turtles;Pine Entertainment;2001 - 2008;2001;2008;7;Mixto;1H - 2M;0
Generación 1;Jewelry;Star Empire Entertainment;"2001 - 2015; 2018; 2022";2001;2022;21;Mujeres;4;0
Generación 1;Clazziquai Project;Fluxus Music;2001 - 2025;2001;2025;24;Mixto;2H - 1M;0
Generación 1;LUV;SidusHQ;2002 - 2003;2002;2003;1;Mujeres;3;0
Generación 1;Isak N Jiyeon;S.M. Entertainment;2002 - 2004;2002;2004;2;Mujeres;2;0
Generación 1;Swi.T;YG Entertainment;2002 - 2004;2002;2004;2;Mujeres;3;0
Generación 1;Black Beat;S.M. Entertainment;2002 - 2007;2002;2007;5;Hombres;5;0
Generación 1;Loveholics;Fluxus Music;2002 - 2012;2002;2012;10;Mixto;2H - 1M;0
Generación 1;LeeSsang;Jungle Entertainment;2002 - 2017;2002;2017;15;Hombres;2;0
Generación 1;Noel;JYP Entertainment;"2002 - 2006; 2011 - 2025";2002;2025;23;Hombres;4;0
Generación 1;F-iV;H&J Entertainment;2002 - 2025;2002;2025;23;Hombres;4;0
Generación 1;M.C The Max;325 E&C;2002 - 2025;2002;2025;23;Hombres;3;0
Generación 2;2SHAI;DSP Media;2003 - 2006;2003;2006;3;Hombres;2;0
Generación 2;OneTwo;Happy Face Entertainment;2003 - 2010;2003;2010;7;Hombres;2;0
Generación 2;S;S.M. Entertainment;2003 - 2014;2003;2014;11;Hombres;3;0
Generación 2;Buzz;Santa Music Entertainment;2003 - 2025;2003;2025;12;Hombres;5;0
Generación 2;Epik High;OURS Company;2003 - 2025;2003;2025;12;Hombres;3;0
Generación 2;Peppertones;Cavare Sound;2003 - 2025;2003;2025;12;Hombres;2;0
Generación 2;TAKE;CI Entertainment;2003 - 2025;2003;2025;12;Hombres;3;0
Generación 2;TVXQ;S.M. Entertainment;"2003 - 2009; 2011 - 2025";2003;2025;22;Hombres;2;1
Generación 2;TraxX (ex TRAX);S.M. Entertainment;2004 - 2019;2004;2019;15;Hombres;2;0
Generación 2;Monday Kiz;Doremi Entertainment;2005 - 2008;2005;2008;3;Hombres;2;0
Generación 2;SS501;DSP Media;2005 - 2010;2005;2010;5;Hombres;5;0
Generación 2;45RPM;YG Entertainment;2005 - 2011;2005;2011;6;Hombres;2;0
Generación 2;Paran;Global H Media;2005 - 2011;2005;2011;6;Hombres;5;0
Generación 2;M Signal;FNC Entertainment;2005 - 2013;2005;2013;8;Hombres;2;0
Generación 2;BaeChiGi;367;2005 - 2025;2005;2025;20;Hombres;2;0
Generación 2;Norazo;Maroo Entertainment;2005 - 2025;2005;2025;20;Hombres;2;0
Generación 2;SoulstaR;N.A.P Entertainment;2005 - 2025;2005;2025;20;Hombres;3;0
Generación 2;Super Junior;S.M. Entertainment;2005 - 2025;2005;2025;20;Hombres;9;1
Generación 2;XING;Xing Entertainment;2006 - 2009;2006;2009;3;Hombres;5;0
Generación 2;Big Bang;YG Entertainment;"2006 - 2018; 2022 - 2025";2006;2025;19;Hombres;3;0
Generación 2;Battle;Good Entertainment;"2006 - 2010; 2019 - 2025";2006;2025;19;Hombres;5;0
Generación 2;Dickpunks;Gig Entertainment;2006 - 2025;2006;2025;19;Hombres;4;0
Generación 2;Kangta & Vanness;S.M. Entertainment;2006 - 2025;2006;2025;19;Hombres;2;0
Generación 2;Super Junior-K.R.Y;S.M. Entertainment;2006 - 2025;2006;2025;19;Hombres;3;0
Generación 2;T-MAX;Planet905;2007 - 2012;2007;2012;5;Hombres;3;0
Generación 2;Super Junior-T;S.M. Entertainment;"2007 - 2008; 2015";2007;2015;8;Hombres;6;1
Generación 2;Code-V (ex BLESS);Code M;2007 - 2018;2007;2018;11;Hombres;5;0
Generación 2;Bye Bye Sea;Fluxus Music;2007 - 2025;2007;2025;18;Hombres;3;0
Generación 2;F.T. Island;FNC Entertainment;2007 - 2025;2007;2025;18;Hombres;4;1
Generación 2;Supernova;Mnet Media;2007 - 2025;2007;2025;18;Hombres;6;0
Generación 2;Tritops (ex I The Tri Top's);JS PRIME Entertainment;2007 - 2025;2007;2025;18;Hombres;4;0
Generación 2;Super Junior-Happy ;S.M. Entertainment;2008;2008;2008;1;Hombres;6;0
Generación 2;A'ST1;DSP Media;2008 - 2009;2008;2009;1;Hombres;7;0
Generación 2;VanHaja;Stareast Entertainment;2008 - 2009;2008;2009;1;Hombres;5;0
Generación 2;DNT;Orange Entertainment;2008 - 2011;2008;2011;3;Hombres;4;0
Generación 2;SM★SH;TN Entertainment;2008 - 2015;2008;2015;7;Hombres;5;0
Generación 2;2AM;JYP Entertainment;2008 - 2015;2008;2015;7;Hombres;4;0
Generación 2;2PM;JYP Entertainment;2008 - 2025;2008;2025;17;Hombres;6;1
Generación 2;Mighty Mouth;Allmighty Records;2008 - 2025;2008;2025;17;Hombres;2;0
Generación 2;SHINee;S.M. Entertainment;2008 - 2025;2008;2025;17;Hombres;4;1
Generación 2;Super Junior-M;S.M. Entertainment;2008 - 2025;2008;2025;17;Hombres;7;1
Generación 2;U-KISS;NH Media;2008 - 2025;2008;2025;17;Hombres;5;0
Generación 2;Jumper;TOP Media;2009 - 2010;2009;2010;1;Hombres;2;0
Generación 2;Supreme Team;Amoeba Culture;2009 - 2013;2009;2013;4;Hombres;2;0
Generación 2;MATE;My Music Entertainment;2009 - 2014;2009;2014;5;Hombres;2;0
Generación 2;MBLAQ;J. Tune Entertainment;2009 - 2015;2009;2015;6;Hombres;3;0
Generación 2;SHU-I;Yejeon Media;2009 - 2015;2009;2015;6;Hombres;5;0
Generación 2;Highlight;Cube Entertainment;2009 - 2025;2009;2025;16;Hombres;4;1
Generación 2;FT. Triple;FNC Entertainment;2009 - 2025;2009;2025;16;Hombres;2;0
Generación 2;CNBLUE;FNC Entertainment;2009 - 2025;2009;2025;16;Hombres;4;1
Generación 2;T.O.A (Top of Asia);Excellent Entertainment;2010;2010;2010;1;Hombres;3;0
Generación 2;2NISE;SH Entertainment;2010 - 2011;2010;2011;1;Hombres;3;0
Generación 2;KINO;;2010 - 2011;2010;2011;1;Hombres;5;0
Generación 2;One Way;Yejeon Media;2010 - 2011;2010;2011;1;Hombres;3;0
Generación 2;X-Cross;GF Entertainment;2010 - 2011;2010;2011;1;Hombres;2;0
Generación 2;Yanghwajin Band;CAN Entertainment;2010 - 2012;2010;2012;2;Hombres;5;0
Generación 2;DMTN;2works Entertainment;2010 - 2013;2010;2013;3;Hombres;6;0
Generación 2;A-ble & Brand New;H Line Entertainment;2010 - 2016;2010;2016;6;Hombres;4;0
Generación 2;LED Apple (LedT);Starkim Entertainment;2010 - 2016;2010;2016;6;Hombres;5;0
Generación 2;ZE:A;Star Empire Entertainment;2010 - 2017;2010;2017;7;Hombres;9;0
Generación 2;Homme;Big Hit Entertainment;2010 - 2018;2010;2018;8;Hombres;2;0
Generación 2;B1A4;WM Entertainment;2010 - 2025;2010;2025;15;Hombres;5;0
Generación 2;Bohemian;HMG Entertainment;2010 - 2025;2010;2025;15;Hombres;3;0
Generación 2;F.Cuz;Independiente;2010 - 2025;2010;2025;15;Hombres;5;0
Generación 2;Infinite;Woollim Entertainment;2010 - 2025;2010;2025;15;Hombres;7;0
Generación 2;JYJ;C-JeS Entertainment;2010 - 2025;2010;2025;15;Hombres;3;1
Generación 2;Teen Top;TOP Media;2010 - 2025;2010;2025;15;Hombres;5;0
Generación 2;The Boss;Xing Entertainment;2010 - 2025;2010;2025;15;Hombres;5;0
Generación 2;TOUCH;YYJ Entertainment;2010 - 2025;2010;2025;15;Hombres;5;0
Generación 2;B.o.M;Y2Y Contents Company;2011;2011;2011;1;Hombres;4;0
Generación 2;Boyz;VIP Entertainment;2011;2011;2011;1;Hombres;5;0
Generación 2;M.Peror;FM Entertainment;2011;2011;2011;1;Hombres;6;0
Generación 2;BB Boys;GilStar Entertainment;2011 - 2012;2011;2012;1;Hombres;3;0
Generación 2;I'MU (ex HITT);Sony Music Korea Entertainment;2011 - 2012;2011;2012;1;Hombres;6;0
Generación 2;Popsicle;Xing Entertainment;2011 - 2012;2011;2012;1;Hombres;3;0
Generación 2;SLIM;Soliens Entertainment;2011 - 2012;2011;2012;1;Hombres;4;0
Generación 2;Taken;Excellent Entertainment;2011 - 2012;2011;2012;1;Hombres;6;0
Generación 2;TWI-Light;Yeil Entertainment;2011 - 2012;2011;2012;1;Hombres;7;0
Generación 2;X-5;Open World Entertainment;2011 - 2012;2011;2012;1;Hombres;5;0
Generación 2;Busker Busker;Chungchun Music;2011 - 2013;2011;2013;2;Hombres;3;0
Generación 2;N-Train;MediaLine Entertainment;2011 - 2013;2011;2013;2;Hombres;5;0
Generación 2;Aziatix;Astar Inc.;2011 - 2015;2011;2015;4;Hombres;3;0
Generación 2;Double A (AA);Blue Star Entertainment;2011 - 2015;2011;2015;4;Hombres;5;0
Generación 2;N-Sonic;C2K Entertainment;2011 - 2016;2011;2016;5;Hombres;6;0
Generación 2;M.I.B;Jungle Entertainment;2011 - 2017;2011;2017;6;Hombres;4;0
Generación 2;Bang & Zelo;TS Entertainment;2011 - 2018;2011;2018;7;Hombres;2;0
Generación 2;Boyfriend;Starship Entertainment;"2011 - 2019; 2021 - 2025";2011;2025;14;Hombres;6;0
Generación 2;Kim Heechul & Kim Jungmo;S.M. Entertainment;2011 - 2019;2011;2019;8;Hombres;2;0
Generación 2;Apeace (Double B21);Golden Goose Entertainment;2011 - 2021;2011;2021;10;Hombres;10;0
Generación 2;Block B;KQ Entertainment;2011 - 2025;2011;2025;14;Hombres;7;0
Generación 2;My Name;H2 Media;2011 - 2025;2011;2025;14;Hombres;5;0
Generación 2;Super Junior-D&E;S.M. Entertainment;2011 - 2025;2011;2025;14;Hombres;2;0
Generación 2;EXO;S.M. Entertainment;2011 - 2025;2011;2025;14;Hombres;9;1
Generación 2;Big Mama;YG Entertainment;2003 - 2011;2003;2011;8;Mujeres;4;0
Generación 2;Shyne;DSP Media;2004 - 2006;2004;2006;2;Mujeres;2;0
Generación 2;Lady;Logi Entertainment;2005 - 2007;2005;2007;2;Mujeres;4;0
Generación 2;i-13;Lime Entertainment;2005 - 2009;2005;2009;4;Mujeres;13;0
Generación 2;The Grace;S.M. Entertainment;2005 - 2010;2005;2010;5;Mujeres;4;0
Generación 2;LPG;Aquagro Entertainment;2005 - 2016;2005;2016;11;Mujeres;4;0
Generación 2;Gavy NJ;Good Fellas Entertainment;2005 - 2025;2005;2025;20;Mujeres;3;0
Generación 2;Lucite Tokki;Magic Strawberry Sound;2005 - 2025;2005;2025;20;Mujeres;2;0
Generación 2;SeeYa;Core Contents Media;2006 - 2011;2006;2011;5;Mujeres;3;0
Generación 2;Brown Eyed Girls;LOEN Entertainment;2006 - 2025;2006;2025;19;Mujeres;4;0
Generación 2;Tensi Love;Pastel Music;2006 - 2025;2006;2025;19;Mujeres;2;0
Generación 2;Baby V.O.X Re.V;DR Music;2007 - 2009;2007;2009;2;Mujeres;7;0
Generación 2;Black Pearl;MBK Entertainment;2007 - 2012;2007;2012;5;Mujeres;5;0
Generación 2;Kara;DSP Media;"2007 - 2016; 2022 - 2025";2007;2025;18;Mujeres;5;0
Generación 2;Wonder Girls;JYP Entertainment;2007 - 2017;2007;2017;10;Mujeres;7;0
Generación 2;Girls' Generation (SNSD);S.M. Entertainment;2007 - 2025;2007;2025;18;Mujeres;8;1
Generación 2;Sunny Hill;BOD Entertainment;2007 - 2025;2007;2025;18;Mujeres;4;0
Generación 2;HAM;LeeYeon Entertainment;2008 - 2012;2008;2012;4;Mujeres;3;0
Generación 2;Davichi;CJ E&M;2008 - 2025;2008;2025;17;Mujeres;2;0
Generación 2;Miss $;Brand New Music;2008 - 2025;2008;2025;17;Mujeres;2;0
Generación 2;Brand New Day;Wannabe Management;2009;2009;2009;1;Mujeres;3;0
Generación 2;Lady Collection;Lion Media;2009;2009;2009;1;Mujeres;3;0
Generación 2;TwiNy';;2009 - 2011;2009;2011;2;Mujeres;2;0
Generación 2;JQT;GP Entertainment;2009 - 2012;2009;2012;3;Mujeres;4;0
Generación 2;After School;Pledis Entertainment;2009 - 2020;2009;2020;11;Mujeres;11;0
Generación 2;Jewelry S;Star Empire Entertainment;2009 - 2015;2009;2015;6;Mujeres;2;0
Generación 2;4minute;Cube Entertainment;2009 - 2016;2009;2016;7;Mujeres;5;0
Generación 2;2NE1;YG Entertainment;"2009 - 2017; 2024 - 2025";2009;2025;16;Mujeres;4;0
Generación 2;Sweet Revenge;Soul Jaekeo;2009 - 2017;2009;2017;8;Mujeres;4;0
Generación 2;Secret;TS Entertainment;2009 - 2018;2009;2018;9;Mujeres;4;0
Generación 2;F(x);S.M. Entertainment;2009 - 2016;2009;2016;7;Mujeres;4;0
Generación 2;Rainbow;DSP Media;"2009 - 2016; 2019";2009;2019;10;Mujeres;7;0
Generación 2;T-ara;MBK Entertainment;2009 - 2025;2009;2025;16;Mujeres;4;0
Generación 2;Chocolate;H Line Entertainment;2010;2010;2010;1;Mujeres;5;0
Generación 2;BeBe Mignon;YWHO Enterprise;2010 - 2011;2010;2011;1;Mujeres;3;0
Generación 2;J&B Dolls;J&B;2010 - 2011;2010;2011;1;Mujeres;5;0
Generación 2;Lotte Girls;Lotte Group;2010 - 2011;2010;2011;1;Mujeres;5;0
Generación 2;Vanilla Lucy;Hanmaek Entertainment;2010 - 2011;2010;2011;1;Mujeres;4;0
Generación 2;VNT;MediaLine Entertainment;2010 - 2011;2010;2011;1;Mujeres;3;0
Generación 2;Soul Harmony;Bad Boss Company;2010 - 2012;2010;2012;2;Mujeres;2;0
Generación 2;Orange Caramel;Pledis Entertainment;2010 - 2014;2010;2014;4;Mujeres;3;0
Generación 2;Girl2School;DNI Works;2010 - 2015;2010;2015;5;Mujeres;5;0
Generación 2;GP Basic;Timo Entertainment;2010 - 2015;2010;2015;5;Mujeres;3;0
Generación 2;Blush;FarWest Entertainment;2010 - 2017;2010;2017;7;Mujeres;5;0
Generación 2;Miss A;JYP Entertainment;2010 - 2017;2010;2017;7;Mujeres;4;0
Generación 2;Sistar;Starship Entertainment;2010 - 2017;2010;2017;7;Mujeres;4;0
Generación 2;Nine Muses;Star Empire Entertainment;2010 - 2019;2010;2019;9;Mujeres;14;0
Generación 2;Girl's Day;Dream Tea Entertainment;2010 - 2025;2010;2025;15;Mujeres;4;0
Generación 2;J Rabbit;friendz.net;2010 - 2025;2010;2025;15;Mujeres;2;0
Generación 2;AS Blue;Pledis Entertainment;2011;2011;2011;1;Mujeres;4;0
Generación 2;AS Red;Pledis Entertainment;2011;2011;2011;1;Mujeres;4;0
Generación 2;April Kiss;Andy Bros Entertainment;2011;2011;2011;1;Mujeres;6;0
Generación 2;Bella;Apple Entertainment;2011;2011;2011;1;Mujeres;3;0
Generación 2;Carcaro Girl;Reverse Social;2011;2011;2011;1;Mujeres;6;0
Generación 2;Coin Jackson;PPP Entertainment;2011;2011;2011;1;Mujeres;6;0
Generación 2;Elizabeth;South Park Entertainment;2011;2011;2011;1;Mujeres;2;0
Generación 2;Kassia;;2011;2011;2011;1;Mujeres;5;0
Generación 2;LA.G;Inter BD Entertainment;2011;2011;2011;1;Mujeres;5;0
Generación 2;Super 8 Bit;Evans Music;2011;2011;2011;1;Mujeres;3;0
Generación 2;Swincle;Kant Entertainment;2011;2011;2011;1;Mujeres;5;0
Generación 2;Swing Girls;Jang Entertainment;2011;2011;2011;1;Mujeres;5;0
Generación 2;Wind Hold Venus;Plus Nine Entertainment;2011;2011;2011;1;Mujeres;4;0
Generación 2;BGH To;BTown Company;2011 - 2012;2011;2012;1;Mujeres;3;0
Generación 2;C-Real;NAP Entertainment;2011 - 2012;2011;2012;1;Mujeres;3;0
Generación 2;Clinah;Dino Entertainment;2011 - 2012;2011;2012;1;Mujeres;4;0
Generación 2;Ei-Yo;HWIAD Entertainment;2011 - 2012;2011;2012;1;Mujeres;3;0
Generación 2;Harasora;Covas Entertainment;2011 - 2012;2011;2012;1;Mujeres;2;0
Generación 2;INY;Sony Music Korea Entertainment;2011 - 2012;2011;2012;1;Mujeres;3;0
Generación 2;MaskOT;GBK Entertainment;2011 - 2012;2011;2012;1;Mujeres;5;0
Generación 2;New.F.O;Enter Arts Global Entertainment;2011 - 2012;2011;2012;1;Mujeres;5;0
Generación 2;SpinEL;Joinsent Entertainment;2011 - 2012;2011;2012;1;Mujeres;3;0
Generación 2;Women Power;Nextar Entertainment;2011 - 2012;2011;2012;1;Mujeres;3;0
Generación 2;CHI CHI;Trophy Entertainment;2011 - 2013;2011;2013;2;Mujeres;5;0
Generación 2;Eye to Eye;Santa Music Entertainment;2011 - 2013;2011;2013;2;Mujeres;3;0
Generación 2;Piggy Dolls;Winning InSight;2011 - 2013;2011;2013;2;Mujeres;3;0
Generación 2;The Grace: Dana & Sunday;S.M. Entertainment;2011;2011;2011;1;Mujeres;2;0
Generación 2;ChoColat;Paramount Music;2011 - 2014;2011;2014;3;Mujeres;4;0
Generación 2;F-ve Dolls (ex 5dolls);MBK Entertainment;2011 - 2015;2011;2015;4;Mujeres;8;0
Generación 2;Leader'S;TGN Entertainment;2011 - 2015;2011;2015;4;Mujeres;5;0
Generación 2;Blady;Star Planet;2011 - 2017;2011;2017;6;Mujeres;5;0
Generación 2;Sistar19;Starship Entertainment;2011 - 2017;2011;2017;6;Mujeres;2;0
Generación 2;Stellar;The Entertainment Pascal;2011 - 2018;2011;2018;7;Mujeres;8;0
Generación 2;Dal Shabet;Dreamcatcher Company;"2011 - 2017; 2019";2011;2019;8;Mujeres;4;0
Generación 2;BP Rania;DR Music Entertainment;2011 - 2020;2011;2020;9;Mujeres;5;0
Generación 2;Brave Girls;Brave Entertainment;"2011 - 2013; 2016 - 2023";2011;2023;12;Mujeres;5;0
Generación 2;A Pink;Plan A Entertainment;2011 - 2025;2011;2025;14;Mujeres;6;0
Generación 2;Moo Ga Dang;YG Entertainment;2006 - 2007;2006;2007;1;Mixto;3H - 1M;0
Generación 2;Typhoon;Trifecta Entertainment;2006 - 2010;2006;2010;4;Mixto;2H - 1M;0
Generación 2;8Eight;Big Hit Entertainment;"2007 - 2014; 2020 - 2025";2007;2025;18;Mixto;3H - 1M;0
Generación 2;9th Street;;2009 - 2010;2009;2010;1;Mixto;4H - 2M;0
Generación 2;B2Y;LOEN Entertainment;2009 - 2010;2009;2010;1;Mixto;2H - 2M;0
Generación 2;Sponge★Band;Sponge Entertainment;2010 - 2011;2010;2011;1;Mixto;1H - 4M;0
Generación 2;Soya n' Sun;101 Entertainment;2010 - 2012;2010;2012;2;Mixto;1H - 1M;0
Generación 2;Coed School;MBK Entertainment;2010 - 2013;2010;2013;3;Mixto;6H - 4M;0
Generación 2;F1RST;KM Media Entertainment;2010 - 2013;2010;2013;3;Mixto;3H - 3M;0
Generación 2;S.M. The Ballad;S.M. Entertainment;2010 - 2014;2010;2014;4;Mixto;4H - 2M;0
Generación 2;MilkTea;Juice Media;2010 - 2017;2010;2017;7;Mixto;1H - 1M;0
Generación 2;AXIZ;Universal Music;2011;2011;2011;1;Mixto;4H - 1M;0
Generación 2;WE;ENT102;2011 - 2012;2011;2012;1;Mixto;3H - 1M;0
Generación 2;Trouble Maker;Cube Entertainment;2011 - 2016;2011;2016;5;Mixto;1H - 1M;0
Generación 3;BOB4;In Entertainment;2012;2012;2012;1;Hombres;4;0
Generación 3;D.Q;JL Entercom;2012;2012;2012;1;Mujeres;4;0
Generación 3;Goddess;KW Entertainment;2012;2012;2012;1;Mujeres;4;0
Generación 3;LXIA;2J Production;2012;2012;2012;1;Mujeres;4;0
Generación 3;Ne.P;Naeum Entertainment;2012;2012;2012;1;Mujeres;4;0
Generación 3;Tinus;T&I Cultures;2012;2012;2012;1;Mujeres;4;0
Generación 3;D-UNIT;D-Business Entertainment;2012 - 2013;2012;2013;1;Mujeres;4;0
Generación 3;E2RE;CS Happy Entertainment;2012 - 2013;2012;2013;1;Mujeres;4;0
Generación 3;She'z;Line Entertainment;2012 - 2014;2012;2014;2;Mujeres;4;0
Generación 3;Tiny-G;GNG Production;2012 - 2015;2012;2015;3;Mujeres;4;0
Generación 3;The SeeYa;MBK Entertainment;2012 - 2016;2012;2016;4;Mujeres;4;0
Generación 3;Crayon Pop;Chrome Entertainment;2012 - 2017;2012;2017;5;Mujeres;4;0
Generación 3;TWO X;Star Gaze Entertainment;2012 - 2017;2012;2017;5;Mujeres;4;0
Generación 3;FlaShe;Play Music Entertainment;2012 - 2020;2012;2020;8;Mujeres;4;0
Generación 3;Odd Eye;Fair Music;2013;2013;2013;1;Mujeres;4;0
Generación 3;T-ara N4;Core Contents Media;2013;2013;2013;1;Mujeres;4;0
Generación 3;Purplay;Purplei Entertainment;2013 - 2014;2013;2014;1;Mujeres;4;0
Generación 3;The Gloss;MGMC;2013 - 2014;2013;2014;1;Mujeres;4;0
Generación 3;K-Girls;Beauty Korea;2013 - 2015;2013;2015;2;Mujeres;4;0
Generación 3;Heart Rabbit Girls;Yoon Story Entertainment;2013 - 2016;2013;2016;3;Mujeres;4;0
Generación 3;AGirls;StarBay Entertainment;2013 - 2017;2013;2017;4;Mujeres;4;0
Generación 3;Bestie;YNB Entertainment;2013 - 2018;2013;2018;5;Mujeres;4;0
Generación 3;Wassup;Sony Music Korea Entertainment;2013 - 2019;2013;2019;6;Mujeres;4;0
Generación 3;Aila;Plane Entertainment;2014;2014;2014;1;Mujeres;4;0
Generación 3;Kiss&Cry;Winning InSight;2014;2014;2014;1;Mujeres;4;0
Generación 3;1PS;Maroo Entertainment;2014 - 2015;2014;2015;1;Mujeres;4;0
Generación 3;4G;Heuk Ggo Entertainment;2014 - 2015;2014;2015;1;Mujeres;4;0
Generación 3;4L;Jade Contents Media;2014 - 2015;2014;2015;1;Mujeres;4;0
Generación 3;Bob Girls;Chrome Entertainment;2014 - 2015;2014;2015;1;Mujeres;4;0
Generación 3;Pritz;Pandagram;2014 - 2015;2014;2015;1;Mujeres;4;0
Generación 3;Scarlet;Funny Collection Entertainment;2014 - 2015;2014;2015;1;Mujeres;4;0
Generación 3;TOP.IC;HiCC Media;2014 - 2015;2014;2015;1;Mujeres;4;0
Generación 3;A-Fati;CoolWave Entertainment;2014 - 2016;2014;2016;2;Mujeres;4;0
Generación 3;A.N.D.S;CGM Entertainment;2014 - 2016;2014;2016;2;Mujeres;4;0
Generación 3;Girl Hood;SC Entertainment;2014 - 2016;2014;2016;2;Mujeres;4;0
Generación 3;N*White;J&J Entertainment;2014 - 2016;2014;2016;2;Mujeres;4;0
Generación 3;Rainbow Blaxx;DSP Media;2014 - 2016;2014;2016;2;Mujeres;4;0
Generación 3;Spica.S;CJ E&M;2014 - 2017;2014;2017;3;Mujeres;4;0
Generación 3;Melody Day;Kakao M;2014 - 2018;2014;2018;4;Mujeres;4;0
Generación 3;Hot Place (ex BADKIZ);ZOO Entertainment;2014 - 2020;2014;2020;6;Mujeres;4;0
Generación 3;4TEN;Jungle Entertainment;2014 - 2025;2014;2025;11;Mujeres;4;0
Generación 3;Mamamoo;Rainbow Bridge World;2014 - 2025;2014;2025;11;Mujeres;4;0
Generación 3;4Some;Sugar Entertainment;2015 - 2016;2015;2016;1;Mujeres;4;0
Generación 3;A.H.H.A;YellOCean;2015 - 2016;2015;2016;1;Mujeres;4;0
Generación 3;ACE;Worthy Entertainment;2015 - 2016;2015;2016;1;Mujeres;4;0
Generación 3;ASHA;NSoul Entertainment;2015 - 2016;2015;2016;1;Mujeres;4;0
Generación 3;Dia Girls;Diamond One Entertainment;2015 - 2016;2015;2016;1;Mujeres;4;0
Generación 3;FIONA;Supreme Entertainment;2015 - 2016;2015;2016;1;Mujeres;4;0
Generación 3;LoveUs;Creative Su Entertainment;2015 - 2016;2015;2016;1;Mujeres;4;0
Generación 3;HADY;Kings Entertainment;2015 - 2017;2015;2017;2;Mujeres;4;0
Generación 3;The Starz;Shin Entertainment;2015 - 2017;2015;2017;2;Mujeres;4;0
Generación 3;Unicorn;Cartoon Blue Company;2015 - 2017;2015;2017;2;Mujeres;4;0
Generación 3;Bambino;JS Entertainment;2015 - 2018;2015;2018;3;Mujeres;4;0
Generación 3;Girls Girls;H Brothers Entertainment;2015 - 2019;2015;2019;4;Mujeres;4;0
Generación 3;ICIA (ex SIDA);DAM Entertainment;2015 - 2019;2015;2019;4;Mujeres;4;0
Generación 3;Laysha;A1 Entertainment;2015 - 2025;2015;2025;10;Mujeres;4;0
Generación 3;Hi.D;Heroes Factory;2016;2016;2016;1;Mujeres;4;0
Generación 3;Sugar Moon;BIGBAND Entertainment;2016;2016;2016;1;Mujeres;4;0
Generación 3;Bloomy;DS Entertainment;2016 - 2017;2016;2017;1;Mujeres;4;0
Generación 3;DICE;BROS Entertainment;2016 - 2017;2016;2017;1;Mujeres;4;0
Generación 3;Fantastie;In Entertainment;2016 - 2017;2016;2017;1;Mujeres;4;0
Generación 3;Heart;KCENT Entertainment;2016 - 2017;2016;2017;1;Mujeres;4;0
Generación 3;I-Ren;J Company Entertainment;2016 - 2017;2016;2017;1;Mujeres;4;0
Generación 3;Mercury;Gaon Entertainment;2016 - 2017;2016;2017;1;Mujeres;4;0
Generación 3;New-A;New Code;2016 - 2017;2016;2017;1;Mujeres;4;0
Generación 3;Sol-T;Probeat Company;2016 - 2017;2016;2017;1;Mujeres;4;0
Generación 3;Various;Cowl Entertainment;2016 - 2018;2016;2018;2;Mujeres;4;0
Generación 3;Matilda;Box Media;2016 - 2019;2016;2019;3;Mujeres;4;0
Generación 3;Nine Muses A;Star Empire Entertainment;2016 - 2019;2016;2019;3;Mujeres;4;0
Generación 3;Blackpink;YG Entertainment;2016 - 2025;2016;2025;9;Mujeres;4;0
Generación 3;HeyMiss;OGAM Entertainment;2016 - 2025;2016;2025;9;Mujeres;4;0
Generación 3;HIGHTEEN;Elijah Entertainment;2016 - 2025;2016;2025;9;Mujeres;4;0
Generación 3;MeiMei;StarBay Entertainment;2017;2017;2017;1;Mujeres;4;0
Generación 3;Red Queen;Interactive Media Mix;2017;2017;2017;1;Mujeres;4;0
Generación 3;O My Jewel;Acoustic Company;2017 - 2018;2017;2018;1;Mujeres;4;0
Generación 3;U-HOO;Vida Records;2017 - 2018;2017;2018;1;Mujeres;4;0
Generación 3;Unica;J-Mate Entertainment;2017 - 2018;2017;2018;1;Mujeres;4;0
Generación 3;S2U;One Shot Entertainment;2017 - 2019;2017;2019;2;Mujeres;4;0
Generación 3;VIVA;Shine E&M;2017 - 2019;2017;2019;2;Mujeres;4;0
Generación 3;Melody Pink (ex The Singing Girls);KD Entertainment;2017 - 2020;2017;2020;3;Mujeres;4;0
Generación 3;PRISM;LCH Entertainment;2017 - 2021;2017;2021;4;Mujeres;4;0
Generación 3;S.I.S;XX Entertainment;2017 - 2021;2017;2021;4;Mujeres;4;0
Generación 3;G-Reyish;Elijah Entertainment;2017 - 2022;2017;2022;5;Mujeres;4;0
Generación 3;LOONA 1/3;Blockberry Creative;2017 - 2023;2017;2023;6;Mujeres;4;0
Generación 3;Awesome;Midum Entertainment;2017 - 2025;2017;2025;8;Mujeres;4;0
Generación 3;B.O.S.S.;Good Frendz Entertainment;2017 - 2025;2017;2025;8;Mujeres;4;0
Generación 3;Busters;JTG Entertainment;2017 - 2025;2017;2025;8;Mujeres;4;0
Generación 3;Chic Angel;LiZ Entertainment;2017 - 2025;2017;2025;8;Mujeres;4;0
Generación 3;FanxyRed (ex Acrush);TOV Entertainment;2017 - 2025;2017;2025;8;Mujeres;4;0
Generación 3;Rose Queen;New Code Music;2017 - 2025;2017;2025;8;Mujeres;4;0
Generación 3;ilips;GBK Entertainment;2012;2012;2012;1;Mujeres;5;0
Generación 3;La TTE;Star Cubic Entertainment;2012;2012;2012;1;Mujeres;5;0
Generación 3;P.O.P CON;J&S Entertainment;2012;2012;2012;1;Mujeres;5;0
Generación 3;Ruby;HY Entertainment;2012;2012;2012;1;Mujeres;5;0
Generación 3;High Lady;S Contents Media;2012 - 2013;2012;2013;1;Mujeres;5;0
Generación 3;LAY.T;Baeksang Entertainment;2012 - 2013;2012;2013;1;Mujeres;5;0
Generación 3;PANDORA;TS Family Entertainment;2012 - 2013;2012;2013;1;Mujeres;5;0
Generación 3;S the One;EC Ebenezer;2012 - 2013;2012;2013;1;Mujeres;5;0
Generación 3;Puretty (ex DSP Girls);DSP Media;2012 - 2014;2012;2014;2;Mujeres;5;0
Generación 3;SKarf;Alpha Entertainment;2012 - 2014;2012;2014;2;Mujeres;5;0
Generación 3;EvoL;Stardom Entertainment;2012 - 2015;2012;2015;3;Mujeres;5;0
Generación 3;GLAM;Big Hit Entertainment;2012 - 2015;2012;2015;3;Mujeres;5;0
Generación 3;Sunny Days;Haeun Entertainment;2012 - 2016;2012;2016;4;Mujeres;5;0
Generación 3;Queen B'Z;JS Entertainment;2012 - 2017;2012;2017;5;Mujeres;5;0
Generación 3;Spica;CJ E&M;2012 - 2017;2012;2017;5;Mujeres;5;0
Generación 3;Tahiti;Dream Star Entertainment;2012 - 2018;2012;2018;5;Mujeres;5;0
Generación 3;EXID;AB Entertainment;2012 - 2025;2012;2025;13;Mujeres;5;0
Generación 3;Hey Girls (ex Black Queen);Moai Entertainment;2012 - 2025;2012;2025;13;Mujeres;5;0
Generación 3;Peach Girl;JM STAR Entertainment;2013 - 2014;2013;2014;1;Mujeres;5;0
Generación 3;BP POP;BP Story Entertainment;2013 - 2015;2013;2015;2;Mujeres;5;0
Generación 3;Delight;BrosMedia Entertainment;2013 - 2015;2013;2015;2;Mujeres;5;0
Generación 3;TINT;GH Entertainment;2013 - 2015;2013;2015;2;Mujeres;5;0
Generación 3;GI (Global Icon);Simtong Entertainment;2013 - 2016;2013;2016;3;Mujeres;5;0
Generación 3;TREN-D;Asian Dream Entertainment;2013 - 2016;2013;2016;3;Mujeres;5;0
Generación 3;2EYES;Sidus HQ;2013 - 2017;2013;2017;4;Mujeres;5;0
Generación 3;AOA Black;FNC Entertainment;2013 - 2020;2013;2020;7;Mujeres;5;0
Generación 3;Alice White;SMAF Production;2014 - 2015;2014;2015;1;Mujeres;5;0
Generación 3;Smile.G;ShowWorks;2014 - 2015;2014;2015;1;Mujeres;5;0
Generación 3;Chaness;Aquagro Entertainment;2014 - 2016;2014;2016;2;Mujeres;5;0
Generación 3;A.KOR;Doo Republic;2014 - 2017;2014;2017;3;Mujeres;5;0
Generación 3;D.HOLIC;Star Road Entertainment;2014 - 2017;2014;2017;3;Mujeres;5;0
Generación 3;WANNA.B;Zenith Media Contents;2014 - 2019;2014;2019;5;Mujeres;5;0
Generación 3;Berry Good;JTG Entertainment;2014 - 2021;2014;2021;7;Mujeres;5;0
Generación 3;Laboum;NH Media;2014 - 2025;2014;2025;11;Mujeres;5;0
Generación 3;Red Velvet;S.M. Entertainment;2014 - 2025;2014;2025;11;Mujeres;5;1
Generación 3;ZZBest;Faith Entertainment;2015;2015;2015;1;Mujeres;5;0
Generación 3;10X10;Gaon Entertainment;2015 - 2016;2015;2016;1;Mujeres;5;0
Generación 3;Awe5ome Baby;TN Nation Entertainment;2015 - 2016;2015;2016;1;Mujeres;5;0
Generación 3;HEXE;Serenity Music;2015 - 2016;2015;2016;1;Mujeres;5;0
Generación 3;Honey Girls;LiZ Entertainment;2015 - 2016;2015;2016;1;Mujeres;5;0
Generación 3;The Ark;Music K Entertainment;2015 - 2016;2015;2016;1;Mujeres;5;0
Generación 3;UNIZ;C2K Entertainment;2015 - 2016;2015;2016;1;Mujeres;5;0
Generación 3;Vividiva;DN Entertainment;2015 - 2016;2015;2016;1;Mujeres;5;0
Generación 3;Hotties;Soleino Entertainment;2015 - 2017;2015;2017;2;Mujeres;5;0
Generación 3;Playback;Coridel Entertainment;2015 - 2018;2015;2018;3;Mujeres;5;0
Generación 3;Episode (ex Vitamin Angel);Pops Entertainment;"2015 - 2019; 2020 - 2025";2015;2020;10;Mujeres;5;0
Generación 3;Sunny Girls;SBS Contents Hub;2016;2016;2016;1;Mujeres;5;0
Generación 3;A.Some;The Solution;2016 - 2017;2016;2017;1;Mujeres;5;0
Generación 3;D.el;R.A.C. Entertainment;2016 - 2017;2016;2017;1;Mujeres;5;0
Generación 3;Dorothy;Leek.Mill;2016 - 2017;2016;2017;1;Mujeres;5;0
Generación 3;I.B.I;LOEN Entertainment;2016 - 2017;2016;2017;1;Mujeres;5;0
Generación 3;MIXX;Chiko Bros Entertainment;2016 - 2017;2016;2017;1;Mujeres;5;0
Generación 3;Oh!Bliss;JT Corea Entertainment;2016 - 2017;2016;2017;1;Mujeres;5;0
Generación 3;Ureka;HY Entertainment;2016 - 2017;2016;2017;1;Mujeres;5;0
Generación 3;Bulldok;INNOK Entertainment;2016 - 2018;2016;2018;2;Mujeres;5;0
Generación 3;SUPA;GA Entertainment;2016 - 2018;2016;2018;2;Mujeres;5;0
Generación 3;Switch Berry;DAM Entertainment;2016 - 2018;2016;2018;2;Mujeres;5;0
Generación 3;Holics;LPA Entertainment;2016 - 2021;2016;2021;5;Mujeres;5;0
Generación 3;H.U.B;New Planet Entertainment;2016 - 2025;2016;2025;9;Mujeres;5;0
Generación 3;Good Morning;C9 Entertainment;2017;2017;2017;1;Mujeres;5;0
Generación 3;PIT A PAT;PIT A PAT Entertainment;2017;2017;2017;1;Mujeres;5;0
Generación 3;1NB;Tribus Entertainment;2017 - 2018;2017;2018;1;Mujeres;5;0
Generación 3;AMOR;Troy Entertainment;2017 - 2018;2017;2018;1;Mujeres;5;0
Generación 3;APPLE.B;GH Entertainment;2017 - 2018;2017;2018;1;Mujeres;5;0
Generación 3;P.O.P;DBW Entertainment;2017 - 2018;2017;2018;1;Mujeres;5;0
Generación 3;Marmello;Rolling CultureOne;2017 - 2019;2017;2019;2;Mujeres;5;0
Generación 3;Yellow Bee;Addiction Entertainment;2017 - 2020;2017;2020;3;Mujeres;5;0
Generación 3;Blah Blah;FAB Entertainment;2017 - 2025;2017;2025;8;Mujeres;5;0
Generación 3;Girl's Alert;Roots Entertainment;2017 - 2025;2017;2025;8;Mujeres;5;0
Generación 3;HINT;Star Pro Entertainment;2017 - 2025;2017;2025;8;Mujeres;5;0
Generación 3;Littles;Nega Network;2012;2012;2012;1;Mujeres;3;0
Generación 3;2winD;;2012 - 2013;2012;2013;1;Mujeres;2;0
Generación 3;84LY;ShowM;2012 - 2013;2012;2013;1;Mujeres;6;0
Generación 3;BBde Girl;BigStar Entertainment;2012 - 2013;2012;2013;1;Mujeres;6;0
Generación 3;BTSwing;101 Doors Entertainment;2012 - 2013;2012;2013;1;Mujeres;2;0
Generación 3;Jevice;DreamTea Entertainment;2012 - 2013;2012;2013;1;Mujeres;2;0
Generación 3;Gangkiz;MBK Entertainment;2012 - 2014;2012;2014;2;Mujeres;7;0
Generación 3;Rainbow Pixie;DSP Media;2012 - 2016;2012;2016;4;Mujeres;3;0
Generación 3;Girls' Generation-TTS;S.M. Entertainment;2012 - 2017;2012;2017;5;Mujeres;3;0
Generación 3;Fiestar;Kakao M;"2012 - 2018; 2024 - 2025";2012;2025;13;Mujeres;6;0
Generación 3;15&;JYP Entertainment;2012 - 2019;2012;2019;7;Mujeres;2;0
Generación 3;Hello Venus;Pledis Entertainment;2012 - 2019;2012;2019;7;Mujeres;6;0
Generación 3;Six Bomb;Pace Maker Entertainment;"2012; 2015 - 2021";2012;2021;9;Mujeres;3;0
Generación 3;AOA;FNC Entertainment;2012 - 2024;2012;2024;12;Mujeres;8;0
Generación 3;Peernine;Escrow Entertainment;2013;2013;2013;1;Mujeres;3;0
Generación 3;M&N;S.M. Entertainment;2013 - 2014;2013;2014;1;Mujeres;2;0
Generación 3;Duo Flo;Independiente;2013 - 2015;2013;2015;2;Mujeres;2;0
Generación 3;2Yoon;Cube Entertainment;2013 - 2016;2013;2016;3;Mujeres;2;0
Generación 3;BOM & HI;YG Entertainment;2013 - 2016;2013;2016;3;Mujeres;2;0
Generación 3;T-ara QBS;;2013 - 2017;2013;2017;4;Mujeres;3;0
Generación 3;The Lush;Oscar Entertainment;2013 - 2017;2013;2017;4;Mujeres;3;0
Generación 3;Ladies' Code;Polaris Entertainment;2013 - 2020;2013;2020;7;Mujeres;3;0
Generación 3;Live High;Red Creative Company;2013 - 2025;2013;2025;4;Mujeres;3;0
Generación 3;Pascol;TipTop Entertainment;2013 - 2025;2013;2025;4;Mujeres;2;0
Generación 3;Solji & Hani;Banana Culture;2013 - 2025;2013;2025;4;Mujeres;2;0
Generación 3;A.I.N;StarCommerce Entertainment;2014;2014;2014;1;Mujeres;7;0
Generación 3;Billion;Move Entertainment;2014;2014;2014;1;Mujeres;6;0
Generación 3;Luluz;Zenith Media Contents;2014 - 2015;2014;2015;1;Mujeres;3;0
Generación 3;Sunny Days Real Vocal;Haeun Entertainment;2014 - 2015;2014;2015;1;Mujeres;3;0
Generación 3;M.O.A;Professional Entertainment;2014 - 2015;2014;2015;1;Mujeres;7;0
Generación 3;Ye-A;SHINHOO Entertainment;2014 - 2015;2014;2015;1;Mujeres;8;0
Generación 3;Bebop;HMI Entertainment;2014 - 2016;2014;2016;2;Mujeres;3;0
Generación 3;Fresh Girls;Chungchun Music;2014 - 2016;2014;2016;2;Mujeres;2;0
Generación 3;Purfles;Crescendo Music;2014 - 2016;2014;2016;2;Mujeres;3;0
Generación 3;Vetty-L;Han Entertainment;2014 - 2016;2014;2016;2;Mujeres;3;0
Generación 3;Lip Service;Chorok Entertainment;2014 - 2017;2014;2017;3;Mujeres;3;0
Generación 3;Wings;Sony Music Korea Entertainment;2014 - 2017;2014;2017;3;Mujeres;2;
Generación 3;KIWI Band M;Star Road Entertainment;2014 - 2018;2014;2018;4;Mujeres;3;0
Generación 3;Switch;DAM Entertainment;2014 - 2018;2014;2018;4;Mujeres;8;0
Generación 3;Year 7 Class 1;Dareun Byeol Entertainment;2014 - 2018;2014;2018;4;Mujeres;7;0
Generación 3;Lovelyz;Woollim Entertainment;2014 - 2021;2014;2021;7;Mujeres;8;0
Generación 3;Sonamoo;TS Entertainment;2014 - 2021;2014;2021;7;Mujeres;7;0
Generación 3;Date;Loco Music;2014 - 2025;2014;2025;11;Mujeres;2;0
Generación 3;Dreamcatcher;Dreamcatcher Company;2014 - 2025;2014;2025;11;Mujeres;7;0
Generación 3;Hi Suhyun;YG Entertainment;2014 - 2025;2014;2025;11;Mujeres;2;0
Generación 3;Pink BnN;Kakao M;2014 - 2025;2014;2025;11;Mujeres;2;0
Generación 3;Pungdeng-E;DOMA Entertainment;2014 - 2025;2014;2025;11;Mujeres;3;0
Generación 3;Smile Girls;Starhaus Entertainment;2015;2015;2015;1;Mujeres;2;0
Generación 3;Verry;StoneShip Entertainment;2015;2015;2015;1;Mujeres;2;0
Generación 3;A Plus;Owl Entertainment;2015 - 2016;2015;2016;1;Mujeres;3;0
Generación 3;MyB;Maroo Entertainment;2015 - 2016;2015;2016;1;Mujeres;6;0
Generación 3;The Shorties;CS Entertainment;2015 - 2016;2015;2016;1;Mujeres;3;0
Generación 3;A.KOR BLACK;Doo Republic;2015 - 2017;2015;2017;2;Mujeres;2;0
Generación 3;H2L (ex SUS4);Regolith Entertainment;2015 - 2017;2015;2017;2;Mujeres;3;0
Generación 3;Queendom (Sixth Sense);ANJ Entertainment;2015 - 2017;2015;2017;2;Mujeres;3;0
Generación 3;Cupid;Narda Entertainment;2015 - 2019;2015;2019;4;Mujeres;7;0
Generación 3;LIME;V&K Entertainment;2015 - 2019;2015;2019;4;Mujeres;3;0
Generación 3;Baby Boo;Hyunda Entertainment;2015 - 2020;2015;2020;5;Mujeres;3;0
Generación 3;GFriend;Source Music;2015 - 2021;2015;2021;5;Mujeres;6;0
Generación 3;April;DSP Media;2015 - 2022;2015;2022;7;Mujeres;6;0
Generación 3;CLC;Cube Entertainment;2015 - 2022;2015;2022;7;Mujeres;7;0
Generación 3;DIA;MBK Entertainment;2015 - 2022;2015;2022;7;Mujeres;10;0
Generación 3;Oh My Girl;WM Entertainment;2015 - 2025;2015;2025;10;Mujeres;7;0
Generación 3;PPL;Parksal Entertainment;2015 - 2025;2015;2025;10;Mujeres;6;0
Generación 3;Rubber Soul;Universal Music;2015 - 2025;2015;2025;10;Mujeres;2;0
Generación 3;Twice;JYP Entertainment;2015 - 2025;2015;2025;10;Mujeres;9;1
Generación 3;Daydream;Voice Level;2016;2016;2016;1;Mujeres;3;0
Generación 3;Double B;In Entertainment;2016;2016;2016;1;Mujeres;2;0
Generación 3;Red Sun;Invictus Music;2016;2016;2016;1;Mujeres;2;0
Generación 3;A.De;2ABLE Company;2016 - 2017;2016;2017;1;Mujeres;6;0
Generación 3;I.O.I;YMC Entertainment;2016 - 2017;2016;2017;1;Mujeres;11;0
Generación 3;O21 (O To One);Houxiu TV;2016 - 2017;2016;2017;1;Mujeres;6;0
Generación 3;Bling;PS Creative;2016 - 2018;2016;2018;2;Mujeres;6;0
Generación 3;J-Young;Softventures Inc.;2016 - 2018;2016;2018;2;Mujeres;2;0
Generación 3;Real Girls Project;Interactive Media Mix;2016 - 2018;2016;2018;2;Mujeres;10;0
Generación 3;CocoSori;Mole Entertainment;2016 - 2019;2016;2019;3;Mujeres;2;0
Generación 3;OAHSIS;YAMA & HOTCHICKS;2016 - 2019;2016;2019;3;Mujeres;7;0
Generación 3;U-US;Erum Entertainment;2016 - 2019;2016;2019;3;Mujeres;3;0
Generación 3;Gugudan;Jellyfish Entertainment;2016 - 2020;2016;2020;4;Mujeres;8;0
Generación 3;LOONA;Blockberry Creative;2016 - 2023;2016;2023;7;Mujeres;12;0
Generación 3;Momoland;MLD Entertainment;2016 - 2023;2016;2023;5;Mujeres;9;0
Generación 3;AOA Cream;FNC Entertainment;2016 - 2025;2016;2025;9;Mujeres;3;0
Generación 3;Bolbbalgan4;Shofar Music;2016 - 2025;2016;2025;9;Mujeres;2;0
Generación 3;Cosmic Girls (WJSN);Starship Entertainment;2016 - 2025;2016;2025;9;Mujeres;13;0
Generación 3;L.U.B[n 44]​;MBK Entertainment;2016 - 2025;2016;2025;9;Mujeres;2;0
Generación 3;MOXIE;Urban Entertainment;2016 - 2025;2016;2025;9;Mujeres;2;0
Generación 3;Cashcoma;ThisIs Media;2017;2017;2017;1;Mujeres;2;0
Generación 3;Girls Next Door;Il Entertainment;2017;2017;2017;1;Mujeres;7;0
Generación 3;S.E.T;Hoonstar Entertainment;2017;2017;2017;1;Mujeres;3;0
Generación 3;S2;Climix Entertainment;2017 - 2018;2017;2018;1;Mujeres;6;0
Generación 3;Sunny Play;Two-H Company;2017 - 2018;2017;2018;1;Mujeres;9;0
Generación 3;Good Day;C9 Entertainment;2017 - 2019;2017;2019;2;Mujeres;10;0
Generación 3;LipBubble;Zenith Media Contents;2017 - 2019;2017;2019;2;Mujeres;7;0
Generación 3;Midnight;C9 Entertainment;2017 - 2019;2017;2019;2;Mujeres;3;0
Generación 3;Pristin;Pledis Entertainment;2017 - 2019;2017;2019;2;Mujeres;10;0
Generación 3;SHA SHA;Major Entertainment;2017 - 2019;2017;2019;2;Mujeres;6;0
Generación 3;Bonus Baby;Maroo Entertainment;2017 - 2020;2017;2020;3;Mujeres;6;0
Generación 3;Limesoda;DMaker Entertainment;2017 - 2020;2017;2020;3;Mujeres;3;0
Generación 3;ABRY;Weed HS;2017 - 2025;2017;2025;8;Mujeres;3;0
Generación 3;Alice;Hunus Entertainment;2017 - 2024;2017;2024;7;Mujeres;7;0
Generación 3;Favorite;Astory Entertainment;2017 - 2025;2017;2025;8;Mujeres;6;0
Generación 3;Good Night;C9 Entertainment;2017 - 2025;2017;2025;8;Mujeres;2;0
Generación 3;HASHTAG;Luk Factory;2017 - 2025;2017;2025;8;Mujeres;7;0
Generación 3;LOONA Odd Eye Circle;MODHAUS;2017 - 2025;2017;2025;8;Mujeres;3;0
Generación 3;Soda Bomb;Pace Maker Entertainment;2017 - 2025;2017;2025;8;Mujeres;2;0
Generación 3;Weki Meki;Fantagio Entertainment;2017 - 2025;2017;2025;8;Mujeres;8;0
Generación 3;BOB4;In Entertainment;2012;2012;2012;1;Hombres;4;0
Generación 3;Mr.Slam;Kkun Entertainment;2012;2012;2012;1;Hombres;5;0
Generación 3;4 Heaven;Bridge Entertainment;2012 - 2013;2012;2013;1;Hombres;4;0
Generación 3;Attack;A Entertainment;2012 - 2013;2012;2013;1;Hombres;5;0
Generación 3;CHAOS;Winning InSight;2012 - 2013;2012;2013;1;Hombres;5;0
Generación 3;K-Boys;NSB Korea Entertainment;2012 - 2013;2012;2013;1;Hombres;5;0
Generación 3;7.9.4.2;Contents Storage Company;2012 - 2014;2012;2014;2;Hombres;5;0
Generación 3;E7;Excellent Entertainment;2012 - 2014;2012;2014;2;Hombres;7;0
Generación 3;EXO-K[n 12]​;S.M. Entertainment;2012 - 2014;2012;2014;2;Hombres;6;1
Generación 3;EXO-M[n 12]​;S.M. Entertainment;2012 - 2014;2012;2014;2;Hombres;6;1
Generación 3;F.I.X;The Groove Entertainment;2012 - 2014;2012;2014;2;Hombres;3;0
Generación 3;Wonder Boyz;ENT102;2012 - 2014;2012;2014;2;Hombres;4;0
Generación 3;A-Prince;New Planet Entertainment;2012 - 2015;2012;2015;3;Hombres;5;0
Generación 3;Airplane;Winning InSight;2012 - 2015;2012;2015;3;Hombres;3;0
Generación 3;C-Clown;Sony Music Korea Entertainment;2012 - 2015;2012;2015;3;Hombres;6;0
Generación 3;New-Us;Star Cubic Entertainment;2012 - 2015;2012;2015;3;Hombres;4;0
Generación 3;SPEED;MBK Entertainment;2012 - 2015;2012;2015;3;Hombres;6;0
Generación 3;Excite;150 Entertainment;2012 - 2016;2012;2016;4;Hombres;4;0
Generación 3;Lunafly;Nega Network;2012 - 2017;2012;2017;5;Hombres;3;
Generación 3;S.M. The Performance;S.M. Entertainment;2012 - 2017;2012;2017;5;Hombres;8;0
Generación 3;Offroad;SHow Entertainment;2012 - 2018;2012;2018;6;Hombres;5;0
Generación 3;A-JAX;DSP Media;2012 - 2019;2012;2019;7;Hombres;7;0
Generación 3;B.A.P;TS Entertainment;2012 - 2019;2012;2019;7;Hombres;6;0
Generación 3;BIGSTAR;Brave Entertainment;2012 - 2019;2012;2019;7;Hombres;5;0
Generación 3;100%;TOP Media;2012 - 2021;2012;2021;9;Hombres;7;0
Generación 3;NU'EST;Pledis Entertainment;2012 - 2022;2012;2022;10;Hombres;5;0
Generación 3;24K;Choeun Entertainment;2012 - 2025;2012;2025;13;Hombres;5;0
Generación 3;2BiC;Nextar Entertainment;2012 - 2025;2012;2025;13;Hombres;2;
Generación 3;4K[n 15]​;Choeun Entertainment;2012 - 2025;2012;2025;13;Hombres;3;0
Generación 3;A.cian;Wings Entertainment;2012 - 2025;2012;2025;13;Hombres;4;0
Generación 3;BtoB;Cube Entertainment;2012 - 2025;2012;2025;13;Hombres;7;0
Generación 3;Cross Gene;Amuse Korea Inc.;2012 - 2025;2012;2025;13;Hombres;4;0
Generación 3;G.IAM;Red Apple Entertainment;"2012 - 2014; 2018 - 2025";2012;2025;13;Hombres;4;0
Generación 3;Hanch Brothers (ex TASTY);Xiong Wei Entertainment;2012 - 2025;2012;2025;13;Hombres;2;0
Generación 3;JJ Project;JYP Entertainment;2012 - 2025;2012;2025;13;Hombres;2;0
Generación 3;M-Tiful;LOEN Entertainment;2012 - 2025;2012;2025;13;Hombres;2;0
Generación 3;Mr.Mr;E-HO Entertainment;2012 - 2025;2012;2025;13;Hombres;5;0
Generación 3;TimeZ;SuperJet Entertainment;2012 - 2025;2012;2025;13;Hombres;6;0
Generación 3;Toxic;TNC Company;2012 - 2025;2012;2025;13;Hombres;2;0
Generación 3;VIXX;Jellyfish Entertainment;2012 - 2025;2012;2025;13;Hombres;6;1
Generación 3;B.O.i;M.fel Entertainment;2013;2013;2013;1;Hombres;5;
Generación 3;CollaVoice;GF Entertainment;2013;2013;2013;1;Hombres;4;0
Generación 3;ESQ;Avance Entertainment;2013;2013;2013;1;Hombres;5;0
Generación 3;Got2B;SW Entertainment;2013;2013;2013;1;Hombres;4;0
Generación 3;Iconize;Nekki Entertainment;2013;2013;2013;1;Hombres;5;0
Generación 3;Jackpot;TS Entertainment;2013;2013;2013;1;Hombres;9;0
Generación 3;Jungukgu;Cube Entertainment;2013;2013;2013;1;Hombres;4;0
Generación 3;Never Mind;Toeast Music;2013;2013;2013;1;Hombres;4;0
Generación 3;PURE;Pure Entertainment;2013;2013;2013;1;Hombres;5;0
Generación 3;Victor;On Spot Entertainment Korea;2013;2013;2013;1;Hombres;5;0
Generación 3;ZE:A FIVE;Star Empire Entertainment;2013;2013;2013;1;Hombres;5;0
Generación 3;ZE:A 4U;Star Empire Entertainment;2013;2013;2013;1;Hombres;4;0
Generación 3;DEMION;Lions Bridge Entertainment;2013 - 2014;2013;2014;1;Hombres;5;0
Generación 3;I-REX;Tarzan Entertainment;2013 - 2014;2013;2014;1;Hombres;5;0
Generación 3;Notice;Gaon Entertainment;2013 - 2014;2013;2014;1;Hombres;6;0
Generación 3;NU'EST-M;Pledis Entertainment;2013 - 2014;2013;2014;1;Hombres;6;0
Generación 3;Champs;JS Entertainment;2013 - 2015;2013;2015;2;Hombres;5;0
Generación 3;LC9;Nega Network;2013 - 2015;2013;2015;2;Hombres;6;0
Generación 3;M4M;Cube Entertainment;2013 - 2015;2013;2015;2;Hombres;4;0
Generación 3;M.I.K;Global Artist Entertainment;2013 - 2015;2013;2015;2;Hombres;4;0
Generación 3;M.Pire;Luce Entertainment;2013 - 2015;2013;2015;2;Hombres;7;0
Generación 3;Pro C;GNI Entertainment;2013 - 2015;2013;2015;2;Hombres;2;0
Generación 3;J2M;TU Entertainment;2013 - 2016;2013;2016;3;Hombres;2;0
Generación 3;NOM;JM STAR Entertainment;2013 - 2016;2013;2016;3;Hombres;5;0
Generación 3;Infinite H;Woollim Entertainment;2013 - 2017;2013;2017;4;Hombres;2;0
Generación 3;HISTORY;LOEN Entertainment;2013 - 2017;2013;2017;4;Hombres;5;0
Generación 3;Say Yes;Music Factory Entertainment;2013 - 2017;2013;2017;4;Hombres;5;0
Generación 3;Underdog;2ABLE Company;2013 - 2017;2013;2017;4;Hombres;5;
Generación 3;Boys Republic;Happy Tribe Entertainment;2013 - 2018;2013;2018;5;Hombres;5;0
Generación 3;uBEAT;NH Media;2013 - 2019;2013;2019;6;Hombres;3;0
Generación 3;100% V;TOP Media;2013 - 2021;2013;2021;8;Hombres;4;0
Generación 3;Xeno-T (ex Topp Dogg);Hunus Entertainment;2013 - 2021;2013;2021;8;Hombres;5;0
Generación 3;AlphaBAT;Simtong Entertainment;2013 - 2025;2013;2025;12;Hombres;5;0
Generación 3;BTS;Big Hit Music;2013 - 2025;2013;2025;12;Hombres;7;1
Generación 3;Egobomb;Sniper Sound;2013 - 2025;2013;2025;12;Hombres;2;0
Generación 3;GB9 (Gilgu Bonggu);The Music Works;2013 - 2025;2013;2025;12;Hombres;2;0
Generación 3;Honey G;Chungchun Music;2013 - 2025;2013;2025;12;Hombres;3;0
Generación 3;N.Flying;FNC Entertainment;2013 - 2025;2013;2025;12;Hombres;5;0
Generación 3;N.O.M (Nature of Man);BROS Entertainment;2013 - 2025;2013;2025;12;Hombres;2;0
Generación 3;A.T.O;CON Entertainment;2014;2014;2014;1;Hombres;4;0
Generación 3;Herycle;Gul Dduk Entertainment;2014;2014;2014;1;Hombres;5;0
Generación 3;Penta-G;Mirrorball Music;2014;2014;2014;1;Hombres;5;0
Generación 3;Toheart;Woollim Entertainment;2014;2014;2014;1;Hombres;2;0
Generación 3;X10;Happy Star Entertainment;2014;2014;2014;1;Hombres;2;0
Generación 3;Billionaire;Independiente;2014 - 2015;2014;2015;1;Hombres;2;0
Generación 3;BLAST;Kings Entertainment;2014 - 2015;2014;2015;1;Hombres;5;0
Generación 3;BTL;SHINHOO Entertainment;2014 - 2015;2014;2015;1;Hombres;8;0
Generación 3;FameUs;KN Media;2014 - 2015;2014;2015;1;Hombres;6;0
Generación 3;M.I.7;D-Business Entertainment;2014 - 2015;2014;2015;1;Hombres;7;0
Generación 3;Ugly Pumpkin;GF Entertainment;2014 - 2015;2014;2015;1;Hombres;3;0
Generación 3;Atomic Kiz;Leaders Contents Company;2014 - 2016;2014;2016;2;Hombres;5;0
Generación 3;HeartB;Marblepop Entertainment;2014 - 2016;2014;2016;2;Hombres;4;0
Generación 3;JACE;Right Achievement Group;2014 - 2016;2014;2016;2;Hombres;2;0
Generación 3;Welldone Potato;Banana Culture;2014 - 2016;2014;2016;2;Hombres;4;0
Generación 3;ZEST;Zenith Media Contents;2014 - 2016;2014;2016;2;Hombres;5;0
Generación 3;ZPZG;JStar Entertainment;2014 - 2016;2014;2016;2;Hombres;4;0
Generación 3;AA;SHow Entertainment;2014 - 2017;2014;2017;3;Hombres;2;0
Generación 3;HIGH4;N.A.P. Entertainment;2014 - 2017;2014;2017;3;Hombres;4;0
Generación 3;Madtown;GNI Entertainment;2014 - 2017;2014;2017;3;Hombres;7;0
Generación 3;Nutaz;MBK Entertainment;2014 - 2017;2014;2017;3;Hombres;2;0
Generación 3;The Legend;SS Entertainment;2014 - 2017;2014;2017;3;Hombres;5;0
Generación 3;Be.A (ex K-MUCH);Chrome Entertainment;2014 - 2018;2014;2018;4;Hombres;5;0
Generación 3;BEAT WIN;Heavenly Star Content;2014 - 2018;2014;2018;4;Hombres;5;0
Generación 3;PUREBOY;It Entertainment;2014 - 2018;2014;2018;4;Hombres;9;0
Generación 3;HALO;Histar Entertainment;2014 - 2019;2014;2019;5;Hombres;6;0
Generación 3;5URPRISE;Fantagio Entertainment;2014 - 2020;2014;2020;6;Hombres;5;0
Generación 3;Hotshot;Star Crew Entertainment;2014 - 2021;2014;2021;7;Hombres;6;0
Generación 3;2000WON;Reve Entertainment;2014 - 2025;2014;2025;11;Hombres;2;0
Generación 3;B.I.G;GH Entertainment;2014 - 2025;2014;2025;11;Hombres;6;0
Generación 3;Beat Burger;S.M. Entertainment;2014 - 2025;2014;2025;11;Hombres;5;
Generación 3;BigFlo;HO Company;2014 - 2025;2014;2025;11;Hombres;5;0
Generación 3;GOT7;JYP Entertainment;2014 - 2025;2014;2025;11;Hombres;7;1
Generación 3;Hyukoh;YG Entertainment;2014 - 2025;2014;2025;11;Hombres;4;0
Generación 3;Infinite F;Woollim Entertainment;2014 - 2025;2014;2025;11;Hombres;3;0
Generación 3;JJCC;Jackie Chan Group Korea;2014 - 2025;2014;2025;11;Hombres;5;0
Generación 3;LU:KUS (ex L.A.U);JWK Entertainment;2014 - 2025;2014;2025;11;Hombres;4;0
Generación 3;Rion Five;Narda Entertainment;2014 - 2025;2014;2025;11;Hombres;6;0
Generación 3;The King;Stallion Entertainment;2014 - 2025;2014;2025;11;Hombres;5;0
Generación 3;TROY;Brand New Music;2014 - 2025;2014;2025;11;Hombres;4;0
Generación 3;Uniq;Yuehua Entertainment;2014 - 2025;2014;2025;11;Hombres;5;0
Generación 3;Winner;YG Entertainment;2014 - 2025;2014;2025;11;Hombres;4;0
Generación 3;1PUNCH;Brave Entertainment;2015;2015;2015;1;Hombres;2;0
Generación 3;IN4MAL;AllBlack Entertainment;2015;2015;2015;1;Hombres;5;0
Generación 3;OneVoices;HaK Entertainment;2015;2015;2015;1;Hombres;2;0
Generación 3;ZEST-Z;Zenith Media Contents;2015;2015;2015;1;Hombres;3;0
Generación 3;A6P;DS Entertainment;2015 - 2016;2015;2016;1;Hombres;6;0
Generación 3;AOORA & HOIK;Blue Star Entertainment;2015 - 2016;2015;2016;1;Hombres;2;0
Generación 3;Dongnae Oppa;Mac Agencia;2015 - 2016;2015;2016;1;Hombres;6;0
Generación 3;Hidden;Yanus Music;2015 - 2016;2015;2016;1;Hombres;5;0
Generación 3;HIGHBROW;MBK Entertainment;2015 - 2016;2015;2016;1;Hombres;2;0
Generación 3;Lose Control;Haeun Entertainment;2015 - 2016;2015;2016;1;Hombres;6;0
Generación 3;NPI;New Planet Entertainment;2015 - 2016;2015;2016;1;Hombres;6;0
Generación 3;P.L.O;Butterfly Entertainment;2015 - 2016;2015;2016;1;Hombres;6;0
Generación 3;PURE-L;It Entertainment;2015 - 2016;2015;2016;1;Hombres;6;0
Generación 3;Trophy;FM Entertainment;2015 - 2016;2015;2016;1;Hombres;5;0
Generación 3;ZE:A J;Star Empire Entertainment;2015 - 2016;2015;2016;1;Hombres;3;0
Generación 3;ALL-STAR;BurnHard Entertainment;2015 - 2017;2015;2017;2;Hombres;5;0
Generación 3;Double Eight;HY Entertainment;2015 - 2017;2015;2017;2;Hombres;5;0
Generación 3;VX;JJ Entertainment;2015 - 2017;2015;2017;2;Hombres;5;0
Generación 3;Snuper;Widmay Entertainment;2015 - 2023;2015;2023;8;Hombres;6;0
Generación 3;VIXX LR;Jellyfish Entertainment;2015 - 2023;2015;2023;8;Hombres;2;0
Generación 3;BASTARZ;KQ Entertainment;2015 - 2025;2015;2025;10;Hombres;3;0
Generación 3;Big Brain;Major9 Entertainment;2015 - 2025;2015;2025;10;Hombres;4;0
Generación 3;Day6;JYP Entertainment;2015 - 2025;2015;2025;10;Hombres;5;1
Generación 3;IKON;YG Entertainment;2015 - 2025;2015;2025;10;Hombres;6;0
Generación 3;M.A.P6;All-S Entertainment;2015 - 2025;2015;2025;10;Hombres;6;0
Generación 3;Monsta X;Starship Entertainment;2015 - 2025;2015;2025;10;Hombres;7;1
Generación 3;Romeo;Hunus Entertainment;2015 - 2025;2015;2025;10;Hombres;7;0
Generación 3;Seventeen;Pledis Entertainment;2015 - 2025;2015;2025;10;Hombres;13;1
Generación 3;UP10TION;TOP Media;2015 - 2025;2015;2025;10;Hombres;10;0
Generación 3;VAV;A Team Entertainment;2015 - 2025;2015;2025;10;Hombres;7;0
Generación 3;Xst;Midas Entertainment;2015 - 2025;2015;2025;10;Hombres;5;0
Generación 3;HIGH4 20;N.A.P. Entertainment;2016;2016;2016;1;Hombres;2;0
Generación 3;INX;NA Entertainment;2016 - 2017;2016;2017;1;Hombres;5;0
Generación 3;Z:ON;J Star Entertainment;2016 - 2017;2016;2017;1;Hombres;2;0
Generación 3;TheEastLight;MediaLine Entertainment;2016 - 2018;2016;2018;2;Hombres;6;0
Generación 3;MASC;J Planet Entertainment;2016 - 2020;2016;2020;4;Hombres;4;0
Generación 3;Voisper;Evermore Music;2016 - 2021;2016;2021;5;Hombres;4;0
Generación 3;Astro;Fantagio Entertainment;2016 - 2025;2016;2025;9;Hombres;6;0
Generación 3;BINBLOW;Music&New;2016 - 2025;2016;2025;9;Hombres;2;0
Generación 3;Boys Generally Asian (BgA);Wong Fu Productions;2016 - 2025;2016;2025;9;Hombres;5;0
Generación 3;BtoB-Blue;Cube Entertainment;2016 - 2025;2016;2025;9;Hombres;4;0
Generación 3;EXO-CBX;S.M. Entertainment;2016 - 2025;2016;2025;9;Hombres;3;0
Generación 3;High Tension;Independiente;2016 - 2025;2016;2025;9;Hombres;2;0
Generación 3;Imfact;Star Empire Entertainment;2016 - 2025;2016;2025;9;Hombres;5;0
Generación 3;KNK;220 Entertainment;2016 - 2025;2016;2025;9;Hombres;5;0
Generación 3;LST;OGAM Entertainment;2016 - 2025;2016;2025;9;Hombres;7;0
Generación 3;New Town Boyz;Independiente;2016 - 2025;2016;2025;9;Hombres;4;0
Generación 3;NCT U;S.M. Entertainment;2016 - 2025;2016;2025;9;Hombres;23;0
Generación 3;NCT 127;S.M. Entertainment;2016 - 2025;2016;2025;9;Hombres;9;0
Generación 3;NCT Dream;S.M. Entertainment;2016 - 2025;2016;2025;9;Hombres;7;
Generación 3;Pentagon;Cube Entertainment;2016 - 2025;2016;2025;9;Hombres;9;0
Generación 3;SF9;FNC Entertainment;2016 - 2025;2016;2025;9;Hombres;9;1
Generación 3;SS301;CI Entertainment;2016 - 2025;2016;2025;9;Hombres;3;0
Generación 3;VICTON;IST Entertainment;2016 - 2025;2016;2025;9;Hombres;7;0
Generación 3;Vromance;Rainbow Bridge World;2016 - 2025;2016;2025;9;Hombres;4;0
Generación 3;B.I.T (Burning Time);SD Entertainment;2017;2017;2017;1;Hombres;5;0
Generación 3;Elvin Crew;HiCC;2017;2017;2017;1;Hombres;5;0
Generación 3;Unit Black;CJ E&M;2017;2017;2017;1;Hombres;8;0
Generación 3;3RACHA;JYP Entertainment;2017 - 2018;2017;2018;1;Hombres;3;0
Generación 3;B.HEART;Poong Entertainment;2017 - 2018;2017;2018;1;Hombres;4;0
Generación 3;B:SKIT;G-Creative;2017 - 2018;2017;2018;1;Hombres;4;0
Generación 3;BLK;BYKING Entertainment;2017 - 2018;2017;2018;1;Hombres;6;0
Generación 3;JBJ;LOEN Entertainment;2017 - 2018;2017;2018;1;Hombres;6;0
Generación 3;Longguo & Shihyun;Choon Entertainment;2017 - 2018;2017;2018;1;Hombres;2;0
Generación 3;NU'EST-W;Pledis Entertainment;2017 - 2018;2017;2018;1;Hombres;4;0
Generación 3;Rainz;KISS Entertainment;2017 - 2018;2017;2018;1;Hombres;7;0
Generación 3;Vermuda;Pace Maker Entertainment;2017 - 2018;2017;2018;1;Hombres;5;0
Generación 3;14U;BG Entertainment;2017 - 2019;2017;2019;2;Hombres;14;0
Generación 3;BAIKAL;Baikal Entertainment;2017 - 2019;2017;2019;2;Hombres;7;0
Generación 3;BLANC7;Jackpot Entertainment;2017 - 2019;2017;2019;2;Hombres;7;0
Generación 3;Honeyst;FNC Entertainment;2017 - 2019;2017;2019;2;Hombres;4;0
Generación 3;Myteen;The Music Works;2017 - 2019;2017;2019;2;Hombres;7;0
Generación 3;Varsity;Eccle Entertainment;2017 - 2019;2017;2019;2;Hombres;6;0
Generación 3;Wanna One;Swing Entertainment;2017 - 2019;2017;2019;2;Hombres;11;1
Generación 3;H.B.Y;Rainbow Entertainment;2017 - 2020;2017;2020;3;Hombres;4;0
Generación 3;BLACK6IX;Black Hole Entertainment;2017 - 2021;2017;2021;4;Hombres;6;0
Generación 3;Seven O'clock;Forest Network;2017 - 2021;2017;2021;4;Hombres;7;0
Generación 3;MVP;PH Entertainment;2017 - 2022;2017;2022;5;Hombres;7;0
Generación 3;TRCNG;TS Entertainment;2017 - 2022;2017;2022;5;Hombres;8;0
Generación 3;A.C.E;Beat Interactive;2017 - 2025;2017;2025;8;Hombres;5;0
Generación 3;Class Mate;HF Music Company;2017 - 2025;2017;2025;8;Hombres;3;0
Generación 3;EXP EDITION;IMMAB Entertainment;2017 - 2025;2017;2025;8;Hombres;4;0
Generación 3;Golden Child;Woollim Entertainment;2017 - 2025;2017;2025;8;Hombres;10;0
Generación 3;Great Guys;DNA Entertainment;2017 - 2025;2017;2025;8;Hombres;9;0
Generación 3;IM;MBK Entertainment;2017 - 2025;2017;2025;8;Hombres;4;0
Generación 3;IN2IT;MMO Entertainment;2017 - 2025;2017;2025;8;Hombres;6;0
Generación 3;IZ;Music K Entertainment;2017 - 2025;2017;2025;8;Hombres;4;0
Generación 3;M.O.N.T;Fly Music Entertainment;2017 - 2025;2017;2025;8;Hombres;3;0
Generación 3;MXM;Brand New Music;2017 - 2025;2017;2025;8;Hombres;2;0
Generación 3;ONF;WM Entertainment;2017 - 2025;2017;2025;8;Hombres;6;0
Generación 3;Paradise;HL Company;2017 - 2025;2017;2025;8;Hombres;4;0
Generación 3;The Boyz;IST Entertainment;2017 - 2025;2017;2025;8;Hombres;11;0
Generación 3;Trophy Cat;Billion DC;2017 - 2025;2017;2025;8;Hombres;2;0
Generación 3;TST;JM STAR Entertainment;2017 - 2025;2017;2025;8;Hombres;5;0
Generación 3;Varsity-V;Eccle Entertainment;2017 - 2025;2017;2025;8;Hombres;5;0
Generación 3;X Hearts;Amuse Korea Inc.;2017 - 2025;2017;2025;8;Hombres;3;0
Generación 3;Younique Unit;S.M. Entertainment;2012;2012;2012;1;Mixto;4H - 1M;0
Generación 3;Akdong Musician;YG Entertainment;2012 - 2025;2012;2025;13;Mixto;1H - 1M;0
Generación 3;Brit;Nextar Entertainment;2013;2013;2013;1;;;0
Generación 3;NASTY NASTY;Star Empire Entertainment;2014;2014;2014;1;Mixto;1H - 2M;0
Generación 3;Lapis Lazuli;TK Entertainment;2014 - 2015;2014;2015;1;Mixto;2H - 1M;0
Generación 3;Almeng;Majesty Entertainment;2014 - 2025;2014;2025;11;Mixto;1H - 1M;0
Generación 3;Jimin N J.Don;FNC Entertainment;2015;2015;2015;1;Mixto;1H - 1M;0
Generación 3;Triple T;S.M. Ent. y JYP Ent.;2016;2016;2016;1;Mixto;1H - 2M;0
Generación 3;DIP MX;Inter BD Entertainment;2016 - 2025;2016;2025;9;Mixto;2H - 1M;0
Generación 3;Kard;DSP Media;2016 - 2025;2016;2025;9;Mixto;2H - 2M;1
Generación 3;Triple H;Cube Entertainment;2017 - 2018;2017;2018;1;Mixto;2H - 1M;0
Generación 4;UNI.T;Kakao M;2018;2018;2018;1;Mujeres;8;0
Generación 4;AiRiSU;Gaon Entertainment;2018 - 2019;2018;2019;1;Mujeres;4;0
Generación 4;ALiKE;87Sound;2018 - 2019;2018;2019;1;Mujeres;3;0
Generación 4;AQUA;Krazy Entertainment;2018 - 2019;2018;2019;1;Mujeres;6;0
Generación 4;CAMILA;CC Entertainment;2018 - 2019;2018;2019;1;Mujeres;2;0
Generación 4;Cherry On Top;United Creative;2018 - 2019;2018;2019;1;Mujeres;4;0
Generación 4;KHAN;Maroo Entertainment;2018 - 2019;2018;2019;1;Mujeres;2;0
Generación 4;Pristin V;Pledis Entertainment;2018 - 2019;2018;2019;1;Mujeres;5;0
Generación 4;S#aFLA;VINE Entertainment;2018 - 2019;2018;2019;1;Mujeres;4;0
Generación 4;Tropical;Luk Factory;2018 - 2019;2018;2019;1;Mujeres;4;0
Generación 4;YJIG;GR Entertainment;2018 - 2019;2018;2019;1;Mujeres;4;0
Generación 4;AZM;INNOK Entertainment;2018 - 2020;2018;2020;2;Mujeres;4;0
Generación 4;GBB (Gawi Bawi Boo);ProBeat Company;2018 - 2020;2018;2020;2;Mujeres;5;0
Generación 4;NeonPunch;A100 Entertainment;2018 - 2020;2018;2020;2;Mujeres;5;0
Generación 4;Rose Finger;YC:BROS Entertainment;2018 - 2020;2018;2020;2;Mujeres;4;0
Generación 4;Iz*One;Off the Record Entertainment;2018 - 2021;2018;2021;3;Mujeres;12;0
Generación 4;GIRLKIND;NEXTLEVEL Entertainment;2018 - 2022;2018;2022;4;Mujeres;5;0
Generación 4;We Girls;Aftermoon Entertainment;2018 - 2022;2018;2022;4;Mujeres;6;0
Generación 4;GWSN;Kiwi Pop;2018 - 2023;2018;2023;5;Mujeres;7;0
Generación 4;LOONA yyxy;BlockBerry Creative;2018 - 2023;2018;2023;5;Mujeres;4;0
Generación 4;(G)I-DLE;Cube Entertainment;2018 - 2025;2018;2025;7;Mujeres;5;1
Generación 4;Dream Note;iMe KOREA;2018 - 2025;2018;2025;7;Mujeres;6;0
Generación 4;Fanatics-Flavor;FENT Entertainment;2018 - 2025;2018;2025;7;Mujeres;3;0
Generación 4;fromis_9;Pledis Entertainment;2018 - 2024;2018;2024;6;Mujeres;8;0
Generación 4;Girls' Generation-Oh!GG;S.M. Entertainment;2018 - 2025;2018;2025;7;Mujeres;5;1
Generación 4;Honey Popcorn;KYUN CREATE;2018 - 2025;2018;2025;7;Mujeres;5;0
Generación 4;Kitten Girls;Wanna Be Entertainment;2018 - 2025;2018;2025;7;Mujeres;4;0
Generación 4;MUSKY;PK Entertainment;2018 - 2025;2018;2025;7;Mujeres;2;0
Generación 4;Nature;n.CH Entertainment;2018 - 2025;2018;2025;7;Mujeres;9;0
Generación 4;OH MY GIRL Banhana;WM Entertainment;2018 - 2025;2018;2025;7;Mujeres;3;0
Generación 4;PinkFantasy;MyDoll Entertainment;2018 - 2024;2018;2024;6;Mujeres;8;0
Generación 4;Saturday;SD Entertainment;2018 - 2025;2018;2025;7;Mujeres;5;0
Generación 4;PEACE;Krazy Entertainment;2019;2019;2019;1;Mujeres;4;0
Generación 4;Rendezvous;Parksal Entertainment;2019;2019;2019;1;Mujeres;4;0
Generación 4;ANS;ANS Entertainment;2019 - 2020;2019;2020;1;Mujeres;6;0
Generación 4;BLACKBUNNY;LA Entertainment;2019 - 2020;2019;2020;1;Mujeres;4;0
Generación 4;Hinapia;OSR Entertainment;2019 - 2020;2019;2020;1;Mujeres;5;0
Generación 4;MIDNIGHT;Hi Entertainment;2019 - 2020;2019;2020;1;Mujeres;4;0
Generación 4;Label Up;Yedam Entertainment;2019 - 2021;2019;2021;2;Mujeres;5;0
Generación 4;Ariaz;Star Empire Entertainment;2019 - 2022;2019;2022;3;Mujeres;6;0
Generación 4;BVNDIT;MNH Entertainment;2019 - 2022;2019;2022;3;Mujeres;5;0
Generación 4;GIRLKIND XJR;NEXTLEVEL Entertainment;2019 - 2022;2019;2022;3;Mujeres;2;0
Generación 4;Cherry Bullet;FNC Entertainment;2019 - 2024;2019;2024;5;Mujeres;7;0
Generación 4;3YE;GH Entertainment;2019 - 2024;2019;2024;5;Mujeres;3;0
Generación 4;4CARAT;KNJ Music;2019 - 2025;2019;2025;6;Mujeres;3;0
Generación 4;CoCo;Fancy Factory;2019 - 2025;2019;2025;6;Mujeres;7;0
Generación 4;CSVC;Independiente;2019 - 2025;2019;2025;6;Mujeres;4;0
Generación 4;Everglow;Yuehua Entertainment;2019 - 2025;2019;2025;6;Mujeres;6;1
Generación 4;Fanatics;FENT Entertainment;2019 - 2025;2019;2025;6;Mujeres;6;0
Generación 4;Girl Crush;HW Entertainment;2019 - 2025;2019;2025;6;Mujeres;4;0
Generación 4;ICU;LiZ Entertainment;2019 - 2025;2019;2025;6;Mujeres;4;0
Generación 4;Itzy;JYP Entertainment;2019 - 2025;2019;2025;6;Mujeres;5;1
Generación 4;Lusty;BabaPlay;2019 - 2025;2019;2025;6;Mujeres;5;0
Generación 4;Purple Beck;Majesty Entertainment;2019 - 2025;2019;2025;6;Mujeres;5;0
Generación 4;Rocket Punch;Woollim Entertainment;2019 - 2024;2019;2024;5;Mujeres;6;0
Generación 4;SKYGIRLS;SKY Entertainment;2019 - 2025;2019;2025;6;Mujeres;4;0
Generación 4;Daydream;Great Company;2020;2020;2020;1;Mujeres;4;0
Generación 4;Refund Sisters;MBC;2020;2020;2020;1;Mujeres;4;0
Generación 4;AREAL;JZ Factory Entertainment;2020 - 2021;2020;2021;1;Mujeres;4;0
Generación 4;Prisma;UnionWave Entertainment;2020 - 2021;2020;2021;1;Mujeres;5;0
Generación 4;XUM;A100 Entertainment;2020 - 2021;2020;2021;1;Mujeres;3;0
Generación 4;Bling Bling;Major9 Entertainment;2020 - 2022;2020;2022;2;Mujeres;6;0
Generación 4;BOTOPASS;WKS ENE;2020 - 2022;2020;2022;2;Mujeres;8;0
Generación 4;LUNARSOLAR;J Planet Entertainment;2020 - 2022;2020;2022;2;Mujeres;4;0
Generación 4;Redsquare;About Entertainment;2020 - 2022;2020;2022;2;Mujeres;5;0
Generación 4;Girls2000;Lamia Music;2020 - 2023;2020;2023;3;Mujeres;4;0
Generación 4;PRITTI-G;Enterrobang;2020 - 2023;2020;2023;3;Mujeres;4;0
Generación 4;2NYNE;Cowz Management;2020 - 2025;2020;2025;5;Mujeres;2;0
Generación 4;Aespa;S.M. Entertainment;2020 - 2025;2020;2025;5;Mujeres;4;1
Generación 4;Blackswan;DR Music;2020 - 2025;2020;2025;5;Mujeres;4;0
Generación 4;Chic & Idle;LiZ Entertainment;2020 - 2025;2020;2025;5;Mujeres;9;0
Generación 4;Cignature;J9 Entertainment;2020 - 2025;2020;2025;5;Mujeres;7;0
Generación 4;CRAXY;S.A ITAINMENT;2020 - 2025;2020;2025;5;Mujeres;5;0
Generación 4;Floria;DK Entertainment;2020 - 2025;2020;2025;5;Mujeres;4;0
Generación 4;Future Girls;Future Girls Entertainment;2020 - 2025;2020;2025;5;Mujeres;5;0
Generación 4;KEEMBO;ARALINE Entertainment;2020 - 2025;2020;2025;5;Mujeres;2;0
Generación 4;Luminous Elf;SA Entertainment;2020 - 2025;2020;2025;5;Mujeres;8;0
Generación 4;Maka Maka;BLUEMOON Entertainment;2020 - 2025;2020;2025;5;Mujeres;5;0
Generación 4;PRECIOUS;UMI Entertainment;2020 - 2025;2020;2025;5;Mujeres;5;0
Generación 4;Red Velvet - Irene & Seulgi;S.M. Entertainment;2020 - 2025;2020;2025;5;Mujeres;2;1
Generación 4;Secret Number;VINE Entertainment;2020 - 2025;2020;2025;5;Mujeres;5;0
Generación 4;STAYC;HIGHUP Entertainment;2020 - 2025;2020;2025;5;Mujeres;6;1
Generación 4;Weeekly;Play M Entertainment;2020 - 2025;2020;2025;5;Mujeres;6;0
Generación 4;WJSN Chocome;Starship Entertainment;2020 - 2025;2020;2025;5;Mujeres;4;0
Generación 4;Woo!ah!;NV Entertainment;2020 - 2025;2020;2025;5;Mujeres;6;0
Generación 4;SOLIA;Space Music Entertainment;2021;2021;2021;1;Mujeres;5;0
Generación 4;bugAboo;A TEAM Entertainment;2021 - 2022;2021;2022;1;Mujeres;6;0
Generación 4;HOT ISSUE;S2 Entertainment;2021 - 2022;2021;2022;1;Mujeres;7;0
Generación 4;QODES;EJ Entertainment;2021 - 2022;2021;2022;1;Mujeres;4;0
Generación 4;lilli lilli;HAN Entertainment;2021 - 2023;2021;2023;2;Mujeres;2;0
Generación 4;MAJORS;ANS Entertainment;2021 - 2023;2021;2023;2;Mujeres;6;0
Generación 4;Azer;Howon University;2021 - 2025;2021;2025;4;Mujeres;7;0
Generación 4;billlie;Mystic Story;2021 - 2025;2021;2025;4;Mujeres;7;1
Generación 4;Cookie;HR Entertainment;2021 - 2025;2021;2025;4;Mujeres;4;0
Generación 4;Hi-L;Kpop Live Entertainment;2021 - 2025;2021;2025;4;Mujeres;6;0
Generación 4;ICHILLIN';MK Entertainment;2021 - 2025;2021;2025;4;Mujeres;7;0
Generación 4;IVE;Starship Entertainment;2021 - 2025;2021;2025;4;Mujeres;6;1
Generación 4;Lightsum;Cube Entertainment;2021 - 2025;2021;2025;4;Mujeres;6;0
Generación 4;PIXY;Allart Entertainment;2021 - 2025;2021;2025;4;Mujeres;6;0
Generación 4;Purple Kiss;Rainbow Bridge World;2021 - 2025;2021;2025;4;Mujeres;7;0
Generación 4;Rocking Doll;SRP Entertainment;2021 - 2025;2021;2025;4;Mujeres;4;0
Generación 4;TRI.BE;TR Entertainment;2021 - 2025;2021;2025;4;Mujeres;7;0
Generación 4;WJSN The Black;Starship Entertainment;2021 - 2025;2021;2025;4;Mujeres;4;0
Generación 4;FAINIT;FAINIT Company;2022;2022;2022;1;Mujeres;5;0
Generación 4;Mamadol;;2022;2022;2022;1;Mujeres;6;0
Generación 4;Acid Angel From Asia;MODHAUS;2022 - 2025;2022;2025;3;Mujeres;4;0
Generación 4;Artbeat;AB Creative;2022 - 2025;2022;2025;3;Mujeres;7;0
Generación 4;Blaze;Blaze Entertainment;2022 - 2025;2022;2025;3;Mujeres;2;0
Generación 4;CLASS:y;M25;2022 - 2025;2022;2025;3;Mujeres;7;0
Generación 4;CSR;POPMUSIC;2022 - 2025;2022;2025;3;Mujeres;7;0
Generación 4;Fifty Fifty;Attrakt;2022 - 2025;2022;2025;3;Mujeres;4;0
Generación 4;GOT the Beat;S.M. Entertainment;2022 - 2025;2022;2025;3;Mujeres;7;0
Generación 4;H1-KEY;Grandline Entertainment;2022 - 2025;2022;2025;3;Mujeres;4;0
Generación 4;ILY:1;FC ENM;2022 - 2025;2022;2025;3;Mujeres;6;0
Generación 4;Kep1er;Wake One Entertainment;2022 - 2025;2022;2025;3;Mujeres;9;0
Generación 4;Lapillus;MLD Entertainment;2022 - 2025;2022;2025;3;Mujeres;6;0
Generación 4;Le Sserafim;Source Music;2022 - 2025;2022;2025;3;Mujeres;5;0
Generación 4;MiMiiRose;Yes Im Entertainment;2022 - 2025;2022;2025;3;Mujeres;5;0
Generación 4;NewJeans;ADOR;2022 - 2025;2022;2025;3;Mujeres;5;0
Generación 4;NMIXX;JYP Entertainment;2022 - 2025;2022;2025;3;Mujeres;6;1
Generación 4;Silhouette;Future Idol Asia;2022 - 2025;2022;2025;3;Mujeres;9;0
Generación 4;TripleS;MODHAUS;2022 - 2025;2022;2025;3;Mujeres;4;0
Generación 4;Viviz;BPM Entertainment;2022 - 2025;2022;2025;3;Mujeres;3;0
Generación 4;"We;Na";Shine E&M;2022 - 2025;2022;2025;3;Mujeres;4;0
Generación 4;With Me;Future Idol Asia;2022 - 2025;2022;2025;3;Mujeres;10;0
Generación 4;Kingdom;Independiente;2018;2018;2018;1;Hombres;3;1
Generación 4;Lean On Me;Swing Entertainment;2018;2018;2018;1;Hombres;3;0
Generación 4;Number One;Swing Entertainment;2018;2018;2018;1;Hombres;3;0
Generación 4;The Heal;Swing Entertainment;2018;2018;2018;1;Hombres;2;0
Generación 4;Triple Position;Swing Entertainment;2018;2018;2018;1;Hombres;3;0
Generación 4;BNF;SHow Entertainment;2018 - 2019;2018;2019;1;Hombres;3;0
Generación 4;Challenger;ShowBox Entertainment;2018 - 2019;2018;2019;1;Hombres;5;0
Generación 4;UNB;Interpark INT;2018 - 2019;2018;2019;1;Hombres;9;0
Generación 4;Spectrum;WYNN Entertainment;2018 - 2020;2018;2020;2;Hombres;6;0
Generación 4;MY.st;MY Entertainment;2018 - 2021;2018;2021;3;Hombres;5;0
Generación 4;NTB;High Choice Entertainment;2018 - 2021;2018;2021;3;Hombres;6;0
Generación 4;Signal;J-Star Entertainment;2018 - 2021;2018;2021;3;Hombres;4;0
Generación 4;D-CRUNCH;All-S Entertainment;2018 - 2022;2018;2022;4;Hombres;9;0
Generación 4;AWEEK;Illusion Entertainment;2018 - 2023;2018;2023;5;Hombres;7;0
Generación 4;Ateez;KQ Entertainment;2018 - 2025;2018;2025;7;Hombres;8;1
Generación 4;BSS;Pledis Entertainment;2018 - 2025;2018;2025;7;Hombres;3;0
Generación 4;JBJ95;Star Road Entertainment;2018 - 2025;2018;2025;7;Hombres;2;0
Generación 4;Like A Movie;Top Cloud Entertainment;2018 - 2025;2018;2025;7;Hombres;5;0
Generación 4;Luamel;Bunker Records;2018 - 2025;2018;2025;7;Hombres;5;0
Generación 4;MAXXAM;MAXXAM Entertainment;2018 - 2025;2018;2025;7;Hombres;5;0
Generación 4;N.Tic;Yaechan Entertainment;2018 - 2025;2018;2025;7;Hombres;5;0
Generación 4;NOIR;Luk Factory;2018 - 2025;2018;2025;7;Hombres;9;0
Generación 4;S.O.U.L;LOEN Entertainment;2018 - 2025;2018;2025;7;Hombres;4;0
Generación 4;Stray Kids;JYP Entertainment;2018 - 2025;2018;2025;7;Hombres;8;1
Generación 4;T.E.N;Ideal Media Group;2018 - 2025;2018;2025;7;Hombres;10;0
Generación 4;W24;J Army Entertainment;2018 - 2025;2018;2025;7;Hombres;5;1
Generación 4;YDPP;Starship Entertainment;2018 - 2025;2018;2025;7;Hombres;3;0
Generación 4;ASTIN;KINGTOP Entertainment;2019;2019;2019;1;Hombres;3;0
Generación 4;CICI;UPVOTE Entertainment;2019;2019;2019;1;Hombres;4;0
Generación 4;Jus2;JYP Entertainment;2019;2019;2019;1;Hombres;2;0
Generación 4;1THE9;MBK Entertainment;2019 - 2020;2019;2020;1;Hombres;9;0
Generación 4;TREI;Banana Culture;2019 - 2020;2019;2020;1;Hombres;3;0
Generación 4;X1;Swing Entertainment;2019 - 2020;2019;2020;1;Hombres;11;0
Generación 4;1TEAM;Liveworks Company;2019 - 2021;2019;2021;2;Hombres;5;0
Generación 4;ENOi;Kithewhale Entertainment;2019 - 2021;2019;2021;2;Hombres;7;0
Generación 4;N.CUS;Kyuri Entertainment;2019 - 2021;2019;2021;2;Hombres;12;0
Generación 4;Platinum78;Inmedia;2019 - 2021;2019;2021;2;Hombres;7;0
Generación 4;Teen Teen;Maroo Entertainment;2019 - 2021;2019;2021;2;Hombres;3;0
Generación 4;BDC;Brand New Music;2019 - 2023;2019;2023;4;Hombres;3;0
Generación 4;D.COY;Rolling CultureOne;2019 - 2023;2019;2023;4;Hombres;5;0
Generación 4;D1CE;Dreamcatcher Company;2019 - 2023;2019;2023;4;Hombres;5;0
Generación 4;AB6IX;Brand New Music;2019 - 2025;2019;2025;6;Hombres;5;0
Generación 4;Argon;MSH Entertainment;2019 - 2025;2019;2025;6;Hombres;6;0
Generación 4;Build Up;INAKIST Entertainment;2019 - 2025;2019;2025;6;Hombres;3;0
Generación 4;Bz-Boys;Chrome Entertainment;2019 - 2025;2019;2025;6;Hombres;4;0
Generación 4;CIX;C9 Entertainment;2019 - 2025;2019;2025;6;Hombres;5;0
Generación 4;EXO-SC;S.M. Entertainment;2019 - 2025;2019;2025;6;Hombres;2;0
Generación 4;HoooW;Stone Music Entertainment;2019 - 2025;2019;2025;6;Hombres;2;0
Generación 4;JxR;VINE Entertainment;2019 - 2025;2019;2025;6;Hombres;2;0
Generación 4;NewKidd;J-FLO Entertainment;2019 - 2025;2019;2025;6;Hombres;7;0
Generación 4;Oneus;Rainbow Bridge World;2019 - 2025;2019;2025;6;Hombres;6;1
Generación 4;OnlyOneOf;8D Creative;2019 - 2025;2019;2025;6;Hombres;6;0
Generación 4;SuperM;S.M. Entertainment;2019 - 2025;2019;2025;6;Hombres;7;0
Generación 4;Tur-V;Koen Stars;2019 - 2025;2019;2025;6;Hombres;4;0
Generación 4;DKZ;Dongyo Entertainment;2019 - 2025;2019;2025;6;Hombres;7;0
Generación 4;TXT;Big Hit Music;2019 - 2025;2019;2025;6;Hombres;5;0
Generación 4;VANNER;VT Entertainment;2019 - 2025;2019;2025;6;Hombres;5;0
Generación 4;Verivery;Jellyfish Entertainment;2019 - 2025;2019;2025;6;Hombres;7;1
Generación 4;BECZ;H&H Entertainment;2020;2020;2020;1;Hombres;5;0
Generación 4;Purple Rain;JTBC Studio;2020;2020;2020;1;Hombres;5;0
Generación 4;Trusty;Playmusic Ground;2020;2020;2020;1;Hombres;4;0
Generación 4;B.O.Y;Music Works Entertainment;2020 - 2021;2020;2021;1;Hombres;2;0
Generación 4;DUSTIN;LPA Entertainment;2020 - 2021;2020;2021;1;Hombres;7;0
Generación 4;DUSTIN-ON;LPA Entertainment;2020 - 2021;2020;2021;1;Hombres;3;0
Generación 4;H&D;PocketDol Studio;2020 - 2021;2020;2021;1;Hombres;2;0
Generación 4;Off The Cuff;Purple Entertainment;2020 - 2021;2020;2021;1;Hombres;5;0
Generación 4;XRO;Major9 Entertainment;2020 - 2022;2020;2022;2;Hombres;2;0
Generación 4;Moonbin & Sanha;Fantagio Entertainment;2020 - 2023;2020;2023;3;Hombres;2;0
Generación 4;2Z;Morph Management;2020 - 2025;2020;2025;5;Hombres;4;0
Generación 4;BAE173;PocketDol Studio;2020 - 2025;2020;2025;5;Hombres;9;0
Generación 4;Bandage;Play M Entertainment;2020 - 2025;2020;2025;5;Hombres;4;0
Generación 4;B.I.T;Core Contents;2020 - 2025;2020;2025;5;Hombres;5;0
Generación 4;BXK;New Planet Entertainment;2020 - 2025;2020;2025;5;Hombres;6;0
Generación 4;CRAVITY;Starship Entertainment;2020 - 2025;2020;2025;5;Hombres;9;0
Generación 4;DKB;Brave Entertainment;2020 - 2025;2020;2025;5;Hombres;9;0
Generación 4;Drippin';Woollim Entertainment;2020 - 2025;2020;2025;5;Hombres;7;0
Generación 4;E'LAST;E Entertainment;2020 - 2025;2020;2025;5;Hombres;8;1
Generación 4;Enhypen;BELIFT LAB;2020 - 2025;2020;2025;5;Hombres;7;0
Generación 4;Even of Day;JYP Entertainment;2020 - 2025;2020;2025;5;Hombres;3;0
Generación 4;F.able;Haeirum Entertainment;2020 - 2025;2020;2025;5;Hombres;5;0
Generación 4;GHOST9;Maroo Entertainment;2020 - 2025;2020;2025;5;Hombres;7;1
Generación 4;LUCY;Mystic89;2020 - 2025;2020;2025;5;Hombres;4;0
Generación 4;MCND;TOP Media;2020 - 2025;2020;2025;5;Hombres;5;1
Generación 4;MISTER T;Whit HC;2020 - 2025;2020;2025;5;Hombres;4;0
Generación 4;P1Harmony;FNC Entertainment;2020 - 2025;2020;2025;5;Hombres;6;1
Generación 4;TO1;Stone Music Entertainment;2020 - 2025;2020;2025;5;Hombres;10;0
Generación 4;Treasure;YG Entertainment;2020 - 2025;2020;2025;5;Hombres;12;0
Generación 4;UNVS;CHITWN Music;2020 - 2025;2020;2025;5;Hombres;5;0
Generación 4;WEi;OUI Entertainment;2020 - 2025;2020;2025;5;Hombres;6;1
Generación 4;XENEX;Company Gi Eok;2020 - 2025;2020;2025;5;Hombres;5;0
Generación 4;NIK;SV Entertainment;2021 - 2023;2021;2023;2;Hombres;11;0
Generación 4;BLITZERS;WUZO Entertainment;2021 - 2025;2021;2025;4;Hombres;7;0
Generación 4;Ciipher;Rain Company;2021 - 2025;2021;2025;4;Hombres;7;0
Generación 4;E'LAST U;E Entertainment;2021 - 2025;2021;2025;4;Hombres;4;1
Generación 4;EPEX;C9 Entertainment;2021 - 2025;2021;2025;4;Hombres;8;0
Generación 4;JUST B;Bluedot Entertainment;2021 - 2025;2021;2025;4;Hombres;6;1
Generación 4;Kingdom;GF Entertainment;2021 - 2025;2021;2025;4;Hombres;7;1
Generación 4;Luminous;WIP Company;2021 - 2025;2021;2025;4;Hombres;4;0
Generación 4;MIRAE;DSP Media;2021 - 2025;2021;2025;4;Hombres;7;1
Generación 4;NTX;Victory Company;2021 - 2025;2021;2025;4;Hombres;10;0
Generación 4;Omega X;Spire Entertainment;2021 - 2025;2021;2025;4;Hombres;11;0
Generación 4;TFN;MLD Entertainment;2021 - 2025;2021;2025;4;Hombres;9;0
Generación 4;W.A.O;King Top Entertainment;2021 - 2025;2021;2025;4;Hombres;7;0
Generación 4;WOW;A.Conics Entertainment;2021 - 2025;2021;2025;4;Hombres;7;0
Generación 4;BLANK2Y;Keystone entertainment;2022 - 2023;2022;2023;1;Hombres;9;0
Generación 4;Black Level;VT Entertainment;2022 - 2024;2022;2024;2;Hombres;6;0
Generación 4;JinJin & Rocky;Fantagio Entertainment;2022 - 2025;2022;2025;3;Hombres;2;0
Generación 4;JWiiver;Starweave Entertainment;2022 - 2025;2022;2025;3;Hombres;7;0
Generación 4;NINE.i;FirstOne Entertainment;2022 - 2025;2022;2025;3;Hombres;10;0
Generación 4;Superkind;Deep Studio Entertainment;2022 - 2025;2022;2025;3;Hombres;7;0
Generación 4;T.A.N;Think Entertainment;2022 - 2023;2022;2023;1;Hombres;7;0
Generación 4;Tempest;Yuehua Entertainment;2022 - 2025;2022;2025;3;Hombres;7;0
Generación 4;TNX;P Nation;2022 - 2025;2022;2025;3;Hombres;6;1
Generación 4;TRENDZ;Interpark Music Plus;2022 - 2025;2022;2025;3;Hombres;7;0
Generación 4;YOUNITE;Brand New Music;2022 - 2025;2022;2025;3;Hombres;9;0
Generación 4;Geupsik-dan;All-S Company;2018;2018;2018;1;Mixto;4H - 2M;0
Generación 4;Lalary;Lalary Entertainment;2019 - 2025;2019;2025;6;Mixto;1H - 7M;0
Generación 4;SSAK3;MBC;2020;2020;2020;1;Mixto;2H - 1M;0
Generación 4;Checkmate;Grace Company Entertainment;2020 - 2021;2020;2021;1;Mixto;2H - 2M;0
Generación 4;Poetic Narrator;C9 Entertainment;2020 - 2025;2020;2025;5;Mixto;1H - 1M;0
Generación 4;TRIPLE SEVEN;GH Entertainment;2021 - 2025;2021;2025;4;Mixto;4H - 3M;0
Generación 5;MADEIN;143 Entertainment;2023 - 2025;2023;2025;2;Mujeres;6;0
Generación 5;8TURN;MNH Entertainment;2023 - 2025;2023;2025;2;Hombres;8;0
Generación 5;A-Plus;Howon University;2023 - 2025;2023;2025;2;Mujeres;7;0
Generación 5;Acid Eyes;MODHAUS;2023 - 2025;2023;2025;2;Mujeres;8;0
Generación 5;ADYA;Starting House Entertainment;2023 - 2025;2023;2025;2;Mujeres;5;0
Generación 5;Ampers&One;FNC Entertainment;2023 - 2025;2023;2025;2;Hombres;7;0
Generación 5;Ascension;Rainbow E&M;2023 - 2025;2023;2025;2;Hombres;5;0
Generación 5;BoyNextDoor;KOZ Entertainment;2023 - 2025;2023;2025;2;Hombres;6;0
Generación 5;Bunny.T;W2 Entertainment;2023 - 2025;2023;2025;2;Mujeres;4;0
Generación 5;BXB;Wolfburn Entertainment;2023 - 2025;2023;2025;2;Hombres;5;0
Generación 5;CMDM;COMMAND THE-M Entertainment;2023 - 2025;2023;2025;2;Hombres;6;0
Generación 5;El7z Up;Apple Monster y DG;2023 - 2025;2023;2025;2;Mujeres;7;0
Generación 5;Evnne;Jellyfish Entertainment;2023 - 2025;2023;2025;2;Hombres;7;0
Generación 5;Fantasy Boys;PocketDol Studio;2023 - 2025;2023;2025;2;Hombres;11;0
Generación 5;FE:VERSE;Kakao Entertainment;2023 - 2025;2023;2025;2;Mujeres;5;0
Generación 5;Hana;Artcompany SOUL;2023 - 2025;2023;2025;2;Mujeres;8;0
Generación 5;HAWW;Biscuit Entertainment;2023 - 2025;2023;2025;2;Hombres;7;0
Generación 5;Hori7on;MLD Entertainment;2023 - 2025;2023;2025;2;Hombres;7;0
Generación 5;Kiss of Life;S2 Entertainment;2023 - 2025;2023;2025;2;Mujeres;4;0
Generación 5;+(KR)ystal Eyes;MODHAUS;2023 - 2025;2023;2025;2;Mujeres;4;0
Generación 5;Loossemble;CTD ENM;2023 - 2025;2023;2025;2;Mujeres;5;0
Generación 5;LOVElution;MODHAUS;2023 - 2025;2023;2025;2;Mujeres;8;0
Generación 5;LUN8;Fantagio Entertainment;2023 - 2025;2023;2025;2;Hombres;8;0
Generación 5;MAVE:;Metaverse Entertainment;2023 - 2025;2023;2025;2;Mujeres;4;0
Generación 5;n.SSign;n.CH Entertainment;2023 - 2025;2023;2025;2;Hombres;9;0
Generación 5;NINE to SIX;DONGYO Entertainment;2023 - 2025;2023;2025;2;Hombres;2;0
Generación 5;One Pact;Armada Entertainment;2023 - 2025;2023;2025;2;Hombres;5;0
Generación 5;Plave;VLAST;2023 - 2025;2023;2025;2;Hombres;5;0
Generación 5;Pow;GRID Entertainment;2023 - 2025;2023;2025;2;Hombres;5;0
Generación 5;Primrose;A.O Entertainment;2023 - 2025;2023;2025;2;Mujeres;4;0
Generación 5;Riize;SM Entertainment;2023 - 2025;2023;2025;2;Hombres;7;0
Generación 5;Shownu X Hyungwon;Starship Entertainment;2023 - 2025;2023;2025;2;Hombres;2;0
Generación 5;T5;YG Entertainment;2023 - 2025;2023;2025;2;Hombres;5;0
Generación 5;THE7;Ganada Entertainment;2023 - 2025;2023;2025;2;Hombres;7;0
Generación 5;The Wind;Around US Entertainment;2023 - 2025;2023;2025;2;Hombres;7;0
Generación 5;TripleS;MODHAUS;2023 - 2025;2023;2025;2;Mujeres;24;0
Generación 5;VI'ENX;Nature Space Entertainment;2023 - 2025;2023;2025;2;Hombres;5;0
Generación 5;VVS;Wannabe Entertainment;2023 - 2025;2023;2025;2;Hombres;5;0
Generación 5;WE US;WEUS Entertainment;2023 - 2025;2023;2025;2;Hombres;7;0
Generación 5;WSG GayaG;MBC;2023 - 2025;2023;2025;2;Mujeres;4;0
Generación 5;X:IN;Escrow Entertainment;2023 - 2025;2023;2025;2;Mujeres;4;0
Generación 5;Xikers;KQ Entertainment;2023 - 2025;2023;2025;2;Hombres;10;0
Generación 5;Xodiac;One Cool Jacso Entertainment;2023 - 2025;2023;2025;2;Hombres;9;0
Generación 5;Young Posse;DSP Media;2023 - 2025;2023;2025;2;Mujeres;5;0
Generación 5;Zerobaseone;Wake One Entertainment;2023 - 2025;2023;2025;2;Hombres;9;0
Generación 5;BabyMonster;YG Entertainment;2023 - 2025;2023;2025;2;Mujeres;7;0
Generación 5;90TAN;BTOB Company;2024 - 2025;2024;2025;1;Hombres;2;0
Generación 5;ALL(H)OURS;JYP Entertainment;2024 - 2025;2024;2025;1;Hombres;7;0
Generación 5;Aria;MODHAUS;2024 - 2025;2024;2025;1;Mujeres;5;0
Generación 5;ARTMS;MODHAUS;2024 - 2025;2024;2025;1;Mujeres;5;1
Generación 5;ASC2NT;New Ways Company;2024 - 2025;2024;2025;1;Hombres;5;0
Generación 5;Astell;Errday;2024 - 2025;2024;2025;1;Mujeres;4;0
Generación 5;Atlantis Kitsune;n.CH Entertainment;2024 - 2025;2024;2025;1;Mujeres;2;0
Generación 5;B-OURS;Wannabe Entertainment;2024 - 2025;2024;2025;1;Mujeres;4;0
Generación 5;B.D.U;Orca Music Entertainment;2024 - 2025;2024;2025;1;Hombres;4;0
Generación 5;Badvillain;Big Planet Made;2024 - 2025;2024;2025;1;Mujeres;7;0
Generación 5;Bewave;GOLDDUST Entertainment;2024 - 2025;2024;2025;1;Mujeres;6;0
Generación 5;Big Ocean;Parastar Entertainment;2024 - 2025;2024;2025;1;Hombres;3;0
Generación 5;Candy Shop;Brave Entertainment;2024 - 2025;2024;2025;1;Mujeres;5;0
Generación 5;Celest1a;Birdman;2024 - 2025;2024;2025;1;Hombres;8;0
Generación 5;Clear:i;Clear:i Entertainment;2024 - 2025;2024;2025;1;Mujeres;5;0
Generación 5;DayChild;Black Bear Records;2024 - 2025;2024;2025;1;Hombres;4;0
Generación 5;DIGNITY;PCS Entertainment;2024 - 2025;2024;2025;1;Hombres;5;0
Generación 5;DXMON;SSQ Entertainment;2024 - 2025;2024;2025;1;Hombres;6;0
Generación 5;Geenius;House of Music Entertainment;2024 - 2025;2024;2025;1;Mujeres;5;0
Generación 5;Glow;MODHAUS;2024 - 2025;2024;2025;1;Mujeres;4;0
Generación 5;I:MOND;Be the Max Entertainment;2024 - 2025;2024;2025;1;Mujeres;4;0
Generación 5;Illit;Belift Lab;2024 - 2025;2024;2025;1;Mujeres;5;0
Generación 5;Izna;Wake One Entertainment;2024 - 2025;2024;2025;1;Mujeres;7;0
Generación 5;KELT9b;US Media Group;2024 - 2025;2024;2025;1;Mujeres;6;0
Generación 5;L5ST;Macaroni Media;2024 - 2025;2024;2025;1;Hombres;7;0
Generación 5;Meovv;The Black Label;2024 - 2025;2024;2025;1;Mujeres;5;0
Generación 5;NOMAD;Nomad Entertainment;2024 - 2025;2024;2025;1;Hombres;5;0
Generación 5;Nowadays;Cube Entertainment;2024 - 2025;2024;2025;1;Hombres;5;0
Generación 5;PICKUS;TNK Entertainment;2024 - 2025;2024;2025;1;Hombres;6;0
Generación 5;Rescene;The MUZE Entertainment;2024 - 2025;2024;2025;1;Mujeres;5;0
Generación 5;SPIA;Campus Entertainment;2024 - 2025;2024;2025;1;Mujeres;5;0
Generación 5;Super Junior L.S.S.;SM Entertainment;2024 - 2025;2024;2025;1;Hombres;3;0
Generación 5;SWEET:CH;DNA Entertainment;2024 - 2025;2024;2025;1;Hombres;4;0
Generación 5;TIOT;Redstart ENM;2024 - 2025;2024;2025;1;Hombres;5;0
Generación 5;Triple Iz;;2024 - 2025;2024;2025;1;Mujeres;3;0
Generación 5;TRY1;VT Entertainment;2024 - 2025;2024;2025;1;Hombres;4;0
Generación 5;TWS;Pledis Entertainment;2024 - 2025;2024;2025;1;Hombres;6;0
Generación 5;UNICODE;XX Entertainment;2024 - 2025;2024;2025;1;Mujeres;5;0
Generación 5;UNIS;F&F Entertainment;2024 - 2025;2024;2025;1;Mujeres;8;0
Generación 5;ViV;Eva Entertainment;2024 - 2025;2024;2025;1;Mujeres;5;0
Generación 5;VVUP;egoENT;2024 - 2025;2024;2025;1;Mujeres;3;0
Generación 5;Waker;Howling Entertainment;2024 - 2025;2024;2025;1;Hombres;6;0
Generación 5;ARcR;Mystic Story;2024 - 2025;2024;2025;1;Hombres;7;0
Generación 5;Say My Name;Inkode;2024 - 2025;2024;2025;1;Mujeres;7;0
Generación 5;The CrewOne;Kakao Entertainment;2024;2024;2024;1;Hombres;12;0
Generación 5;Hearts2Hearts;SM Entertainment;2025-2025;2025;2025;1;Mujeres;8;0
Generación 5;KickFlip;JYP Entertainment;2025-2025;2025;2025;1;Hombres;7;0
Generación 5;KiiiKiii;Starship Entertainment;2025-2025;2025;2025;1;Mujeres;5;0
Generación 5;Nouera;Nouer Entertainment;2025-2025;2025;2025;1;Hombres;7;0
Generación 5;Xlov;257 Entertainment;2025-2025;2025;2025;1;Hombres;4;0
